rank,hitter_id,player,team,opponent,game_start_time,game_status,batting_order,pitcher,pitcher_id,pitcher_hand,hr_score,tier,play_type,reason_tags,power_score,pitcher_score,environment_score,lineup_score,platoon_score,recent_form_score,confirmed_lineup,rotowire_confirmed_lineup,rotowire_batting_order,rotowire_player_found,lineup_disagreement,lineup_sources_used,source_warnings,stat_years_used,bvp_pa,bvp_hr,bvp_note,recent_games,recent_hits,recent_abs,recent_hr,recent_form_note,split_matchup_note,pitch_mix_note,barrel_pct,hard_hit_pct,avg_exit_velocity,ev50,xslg,xiso,xwoba,bat_speed,fast_swing_pct,pull_pct,fb_pct,hr_total,iso,pitcher_barrel_pct_allowed,pitcher_hard_hit_pct_allowed,pitcher_avg_exit_velocity_allowed,pitcher_xslg_allowed,pitcher_xiso_allowed,pitcher_fb_pct_allowed,wind_direction,weather_source,weather_url,weather_humidity,weather_precip_pct,weather_temp,ballpark,odds
1,660271,Shohei Ohtani,LAD,AZ,2026-08-08T01:40:00Z,Pre-Game,1,Merrill Kelly,518876,R,77.3,Tier 2,Best Overall,"Elite Power, Strong Barrel, Premium Lineup Spot, Platoon Edge, Hot Hitter/Streak",81.5,67.8,59.2,93.2,80.0,100.0,Yes,Yes,1,Yes,No,MLB Stats API; RotoWire,,H:2026/2025 P:2026/2025,,,Direct BvP not yet weighted; 2026/2025 Statcast baseline active,7,12,27,3,Hot streak: 3 HR in last 7 games,"platoon edge; pitcher baseline 12.0% barrel, 23.0 HR allowed",lift-pull EV profile; pitcher fly-ball pressure modest,18.81,54.57,93.92,104.487,0.6014,0.3085,0.4166,74.96,52.45,47.12,32.69,34.7,0.2819,12.03,44.83,90.41,0.5206,0.2321,26.36,None,Open-Meteo forecast; MLB fallback,https://forecast.weather.gov/MapClick.php?lat=33.4455&lon=-112.0667,19,0,109,Chase Field,
2,670541,Yordan Alvarez,HOU,SD,2026-08-08T01:40:00Z,Pre-Game,2,Robbie Ray,592662,L,66.9,Tier 3,Watch List,"Elite Power, Strong Barrel, Premium Lineup Spot",83.9,47.6,48.6,100.0,50.0,39.7,Yes,Yes,2,Yes,No,MLB Stats API; RotoWire,,H:2026/2025 P:2026/2025,,,Direct BvP not yet weighted; 2026/2025 Statcast baseline active,7,10,26,0,Contact streak: 10/26 over last 7 games,"same-side matchup; pitcher baseline 8.8% barrel, 17.1 HR allowed",lift-pull EV profile; pitcher allows elevated contact,16.95,53.6,94.56,105.1154,0.6575,0.3357,0.449,76.1,61.59,41.65,36.31,26.3,0.2662,8.76,39.66,89.74,0.4018,0.1702,34.71,L To R,Open-Meteo forecast; MLB fallback,https://forecast.weather.gov/MapClick.php?lat=32.7073&lon=-117.1573,55,0,83,Petco Park,
3,571970,Max Muncy,LAD,AZ,2026-08-08T01:40:00Z,Pre-Game,4,Merrill Kelly,518876,R,66.0,Tier 3,Watch List,"Strong Barrel, Premium Lineup Spot, Platoon Edge",57.0,67.8,59.2,94.9,80.0,31.6,Yes,Yes,4,Yes,No,MLB Stats API; RotoWire,,H:2026/2025 P:2026/2025,,,Direct BvP not yet weighted; 2026/2025 Statcast baseline active,7,5,24,1,"Last 7 games: 5/24, 1 HR","platoon edge; pitcher baseline 12.0% barrel, 23.0 HR allowed",fly-ball profile; pitcher fly-ball pressure modest,13.67,47.51,90.74,101.4173,0.4809,0.2415,0.3565,71.38,14.2,53.11,35.3,21.1,0.2368,12.03,44.83,90.41,0.5206,0.2321,26.36,None,Open-Meteo forecast; MLB fallback,https://forecast.weather.gov/MapClick.php?lat=33.4455&lon=-112.0667,19,0,109,Chase Field,
4,691406,Junior Caminero,TB,SEA,2026-08-08T01:45:00Z,Pre-Game,3,Logan Gilbert,669302,R,64.9,Tier 3,Watch List,"Strong Barrel, Premium Lineup Spot, Hot Hitter/Streak",65.1,49.3,62.9,96.6,50.0,83.2,Yes,Yes,3,Yes,No,MLB Stats API; RotoWire,,H:2026/2025 P:2026/2025,,,Direct BvP not yet weighted; 2026/2025 Statcast baseline active,7,8,26,4,Hot streak: 4 HR in last 7 games,"same-side matchup; pitcher baseline 9.8% barrel, 17.9 HR allowed",EV profile; pitcher fly-ball pressure modest,14.0,50.91,92.82,105.359,0.5157,0.2446,0.3677,79.41,85.88,45.66,23.84,36.6,0.2738,9.79,42.12,90.24,0.3873,0.161,28.75,Out To RF,Open-Meteo forecast; MLB fallback,https://forecast.weather.gov/MapClick.php?lat=47.5914&lon=-122.3325,49,0,81,T-Mobile Park,
5,656941,Kyle Schwarber,PHI,TOR,2026-08-07T22:40:00Z,Warmup,1,José Soriano,667755,R,64.8,Tier 3,Watch List,"Elite Power, Strong Barrel, Good Environment, Premium Lineup Spot, Platoon Edge",76.5,36.5,70.3,93.2,80.0,0.0,Yes,Yes,1,Yes,No,MLB Stats API; RotoWire,,H:2026/2025 P:2026/2025,,,Direct BvP not yet weighted; 2026/2025 Statcast baseline active,7,2,22,0,"Last 7 games: 2/22, 0 HR","platoon edge; pitcher baseline 7.8% barrel, 12.0 HR allowed",lift-pull EV profile; pitcher fly-ball pressure modest,18.28,54.35,93.53,104.5524,0.5145,0.2742,0.3758,77.09,75.14,54.91,33.32,39.9,0.2915,7.83,40.71,89.44,0.3789,0.1376,19.03,Out To CF,Open-Meteo forecast; MLB fallback,https://forecast.weather.gov/MapClick.php?lat=39.9061&lon=-75.1665,91,39,78,Citizens Bank Park,
6,682998,Corbin Carroll,AZ,LAD,2026-08-08T01:40:00Z,Pre-Game,2,Roki Sasaki,808963,R,63.9,Tier 3,Watch List,"Strong Barrel, Premium Lineup Spot, Platoon Edge",57.4,55.9,59.2,100.0,80.0,28.1,Yes,,,No,Yes,MLB Stats API; RotoWire,not found on RotoWire,H:2026/2025 P:2026/2025,,,Direct BvP not yet weighted; 2026/2025 Statcast baseline active,7,5,27,1,"Last 7 games: 5/27, 1 HR","platoon edge; pitcher baseline 10.9% barrel, 15.8 HR allowed",neutral batted-ball profile; pitcher fly-ball pressure modest,12.96,49.55,91.89,102.5794,0.4695,0.2166,0.3531,75.23,55.03,44.57,30.81,20.5,0.2421,10.89,43.86,90.25,0.4244,0.1859,28.84,None,Open-Meteo forecast; MLB fallback,https://forecast.weather.gov/MapClick.php?lat=33.4455&lon=-112.0667,19,0,109,Chase Field,
7,518692,Freddie Freeman,LAD,AZ,2026-08-08T01:40:00Z,Pre-Game,3,Merrill Kelly,518876,R,62.5,Tier 3,Watch List,"Premium Lineup Spot, Platoon Edge",43.5,67.8,59.2,96.6,80.0,45.0,Yes,Yes,3,Yes,No,MLB Stats API; RotoWire,,H:2026/2025 P:2026/2025,,,Direct BvP not yet weighted; 2026/2025 Statcast baseline active,7,11,25,0,Contact streak: 11/25 over last 7 games,"platoon edge; pitcher baseline 12.0% barrel, 23.0 HR allowed",neutral batted-ball profile; pitcher fly-ball pressure modest,9.56,44.37,90.27,100.5827,0.4852,0.1951,0.371,70.22,8.4,36.68,27.35,17.7,0.1846,12.03,44.83,90.41,0.5206,0.2321,26.36,None,Open-Meteo forecast; MLB fallback,https://forecast.weather.gov/MapClick.php?lat=33.4455&lon=-112.0667,19,0,109,Chase Field,
8,805811,Bryce Eldridge,SF,DET,2026-08-08T02:15:00Z,Pre-Game,1,Keider Montero,672456,R,61.9,Tier 3,Watch List,"Strong Barrel, Premium Lineup Spot, Platoon Edge",69.8,38.1,56.3,93.2,80.0,19.5,Yes,Yes,1,Yes,No,MLB Stats API; RotoWire,,H:2026/2025 P:2026/2025,,,Direct BvP not yet weighted; 2026/2025 Statcast baseline active,7,7,28,0,"Last 7 games: 7/28, 0 HR","platoon edge; pitcher baseline 7.4% barrel, 12.5 HR allowed",lift-pull EV profile; pitcher fly-ball pressure modest,15.83,58.02,93.36,103.2626,0.4792,0.2491,0.3566,73.07,28.57,39.95,37.05,7.7,0.1504,7.43,38.35,88.82,0.404,0.1636,25.7,Out To LF,Open-Meteo forecast; MLB fallback,https://forecast.weather.gov/MapClick.php?lat=37.7786&lon=-122.3893,80,1,64,Oracle Park,
9,547180,Bryce Harper,PHI,TOR,2026-08-07T22:40:00Z,Warmup,3,José Soriano,667755,R,60.8,Tier 3,Watch List,"Strong Barrel, Good Environment, Premium Lineup Spot, Platoon Edge",53.2,36.5,70.3,96.6,80.0,64.3,Yes,Yes,3,Yes,No,MLB Stats API; RotoWire,,H:2026/2025 P:2026/2025,,,Direct BvP not yet weighted; 2026/2025 Statcast baseline active,7,7,23,2,Hot streak: 2 HR in last 7 games,"platoon edge; pitcher baseline 7.8% barrel, 12.0 HR allowed",neutral batted-ball profile; pitcher fly-ball pressure modest,11.74,45.68,90.53,102.0587,0.5053,0.2317,0.3827,74.31,46.55,38.26,27.59,24.9,0.2393,7.83,40.71,89.44,0.3789,0.1376,19.03,Out To CF,Open-Meteo forecast; MLB fallback,https://forecast.weather.gov/MapClick.php?lat=39.9061&lon=-75.1665,91,39,78,Citizens Bank Park,
10,666018,Jonathan Aranda,TB,SEA,2026-08-08T01:45:00Z,Pre-Game,2,Logan Gilbert,669302,R,59.9,Longshot,Watch List,"Strong Barrel, Premium Lineup Spot, Platoon Edge",48.9,49.3,62.9,100.0,80.0,25.5,Yes,Yes,2,Yes,No,MLB Stats API; RotoWire,,H:2026/2025 P:2026/2025,,,Direct BvP not yet weighted; 2026/2025 Statcast baseline active,7,9,31,0,"Last 7 games: 9/31, 0 HR","platoon edge; pitcher baseline 9.8% barrel, 17.9 HR allowed",neutral batted-ball profile; pitcher fly-ball pressure modest,10.87,48.27,91.6,101.36,0.4702,0.1974,0.3638,70.15,12.27,31.24,29.64,14.0,0.1548,9.79,42.12,90.24,0.3873,0.161,28.75,Out To RF,Open-Meteo forecast; MLB fallback,https://forecast.weather.gov/MapClick.php?lat=47.5914&lon=-122.3325,49,0,81,T-Mobile Park,
11,646240,Rafael Devers,SF,DET,2026-08-08T02:15:00Z,Pre-Game,4,Keider Montero,672456,R,59.6,Longshot,Watch List,"Strong Barrel, Premium Lineup Spot, Platoon Edge",57.6,38.1,56.3,94.9,80.0,50.3,Yes,Yes,4,Yes,No,MLB Stats API; RotoWire,,H:2026/2025 P:2026/2025,,,Direct BvP not yet weighted; 2026/2025 Statcast baseline active,7,8,24,1,Contact streak: 8/24 over last 7 games,"platoon edge; pitcher baseline 7.4% barrel, 12.5 HR allowed",EV profile; pitcher fly-ball pressure modest,12.5,52.53,92.73,103.1509,0.4604,0.2224,0.3397,71.74,20.79,33.98,32.76,26.6,0.2263,7.43,38.35,88.82,0.404,0.1636,25.7,Out To LF,Open-Meteo forecast; MLB fallback,https://forecast.weather.gov/MapClick.php?lat=37.7786&lon=-122.3893,80,1,64,Oracle Park,
12,678545,Osleivis Basabe,SF,DET,2026-08-08T02:15:00Z,Pre-Game,7,Keider Montero,672456,R,59.2,Longshot,Watch List,"Strong Barrel, Hot Hitter/Streak",73.1,38.1,56.3,64.3,50.0,79.9,Yes,Yes,7,Yes,No,MLB Stats API; RotoWire,,H:2026 P:2026/2025,,,Direct BvP not yet weighted; 2026/2025 Statcast baseline active,7,6,21,3,Hot streak: 3 HR in last 7 games,"same-side matchup; pitcher baseline 7.4% barrel, 12.5 HR allowed",fly-ball profile; pitcher fly-ball pressure modest,21.1,42.1,89.3,101.9142,0.591,0.281,0.38,73.8,32.5,31.6,52.6,3.0,0.476,7.43,38.35,88.82,0.404,0.1636,25.7,Out To LF,Open-Meteo forecast; MLB fallback,https://forecast.weather.gov/MapClick.php?lat=37.7786&lon=-122.3893,80,1,64,Oracle Park,
13,701538,Jackson Merrill,SD,HOU,2026-08-08T01:40:00Z,Pre-Game,5,Ronel Blanco,669854,R,59.1,Longshot,Watch List,"Strong Barrel, Platoon Edge",47.9,59.4,48.6,86.4,80.0,48.5,Yes,Yes,5,Yes,No,MLB Stats API; RotoWire,,H:2026/2025 P:2026/2025,,,Direct BvP not yet weighted; 2026/2025 Statcast baseline active,7,9,28,1,Contact streak: 9/28 over last 7 games,"platoon edge; pitcher baseline 13.6% barrel, 5.6 HR allowed",neutral batted-ball profile; pitcher allows elevated contact,11.39,45.21,89.98,100.4735,0.4599,0.2032,0.3302,72.88,27.05,37.49,28.87,16.0,0.1664,13.58,36.8,88.42,0.424,0.2166,40.92,L To R,Open-Meteo forecast; MLB fallback,https://forecast.weather.gov/MapClick.php?lat=32.7073&lon=-117.1573,55,0,83,Petco Park,
14,606466,Ketel Marte,AZ,LAD,2026-08-08T01:40:00Z,Pre-Game,4,Roki Sasaki,808963,R,58.5,Longshot,Watch List,"Strong Barrel, Premium Lineup Spot, Platoon Edge",49.4,54.3,59.2,94.9,75.0,6.0,Yes,,,No,Yes,MLB Stats API; RotoWire,not found on RotoWire,H:2026/2025 P:2026/2025,,,Direct BvP not yet weighted; 2026/2025 Statcast baseline active,7,4,25,0,"Last 7 games: 4/25, 0 HR","switch hitter; pitcher baseline 10.9% barrel, 15.8 HR allowed",neutral batted-ball profile; pitcher fly-ball pressure modest,11.05,44.2,90.45,102.3357,0.4878,0.2063,0.3606,74.74,45.72,49.54,27.71,21.7,0.2039,10.89,43.86,90.25,0.4244,0.1859,28.84,None,Open-Meteo forecast; MLB fallback,https://forecast.weather.gov/MapClick.php?lat=33.4455&lon=-112.0667,19,0,109,Chase Field,
15,682985,Riley Greene,DET,SF,2026-08-08T02:15:00Z,Pre-Game,4,JT Brubaker,664141,R,57.7,Longshot,Watch List,"Strong Barrel, Premium Lineup Spot, Platoon Edge",61.4,30.4,56.3,94.9,80.0,23.4,Yes,Yes,4,Yes,No,MLB Stats API; RotoWire,,H:2026/2025 P:2026/2025,,,Direct BvP not yet weighted; 2026/2025 Statcast baseline active,7,4,26,1,"Last 7 games: 4/26, 1 HR","platoon edge; pitcher baseline 5.8% barrel, 2.8 HR allowed",neutral batted-ball profile; pitcher fly-ball pressure modest,15.56,47.95,90.53,102.6025,0.4868,0.2347,0.3551,75.6,57.94,38.98,33.31,22.0,0.1986,5.82,38.17,88.41,0.4131,0.1546,24.39,Out To LF,Open-Meteo forecast; MLB fallback,https://forecast.weather.gov/MapClick.php?lat=37.7786&lon=-122.3893,80,1,64,Oracle Park,
16,665487,Fernando Tatis Jr.,SD,HOU,2026-08-08T01:40:00Z,Pre-Game,1,Ronel Blanco,669854,R,57.5,Longshot,Watch List,"Strong Barrel, Premium Lineup Spot",51.6,59.4,48.6,93.2,50.0,28.1,Yes,Yes,1,Yes,No,MLB Stats API; RotoWire,,H:2026/2025 P:2026/2025,,,Direct BvP not yet weighted; 2026/2025 Statcast baseline active,7,5,27,1,"Last 7 games: 5/27, 1 HR","same-side matchup; pitcher baseline 13.6% barrel, 5.6 HR allowed",EV profile; pitcher allows elevated contact,11.0,52.43,92.53,104.2887,0.4565,0.1764,0.3595,75.51,57.56,33.54,22.01,13.8,0.1395,13.58,36.8,88.42,0.424,0.2166,40.92,L To R,Open-Meteo forecast; MLB fallback,https://forecast.weather.gov/MapClick.php?lat=32.7073&lon=-117.1573,55,0,83,Petco Park,
17,686527,Dominic Canzone,SEA,TB,2026-08-08T01:45:00Z,Pre-Game,4,Drew Rasmussen,656876,R,57.3,Longshot,Watch List,"Strong Barrel, Premium Lineup Spot, Platoon Edge",60.0,30.5,62.9,94.9,80.0,5.1,Yes,Yes,4,Yes,No,MLB Stats API; RotoWire,,H:2026/2025 P:2026/2025,,,Direct BvP not yet weighted; 2026/2025 Statcast baseline active,7,4,26,0,"Last 7 games: 4/26, 0 HR","platoon edge; pitcher baseline 6.8% barrel, 13.8 HR allowed",neutral batted-ball profile; pitcher fly-ball pressure modest,14.15,47.32,91.95,102.777,0.5176,0.2388,0.3704,74.22,43.95,41.23,27.21,15.9,0.2279,6.79,36.44,88.64,0.3617,0.1299,23.24,Out To RF,Open-Meteo forecast; MLB fallback,https://forecast.weather.gov/MapClick.php?lat=47.5914&lon=-122.3325,49,0,81,T-Mobile Park,
18,663656,Kyle Tucker,LAD,AZ,2026-08-08T01:40:00Z,Pre-Game,6,Merrill Kelly,518876,R,57.2,Longshot,Watch List,Platoon Edge,34.8,67.8,59.2,76.2,80.0,52.8,Yes,Yes,6,Yes,No,MLB Stats API; RotoWire,,H:2026/2025 P:2026/2025,,,Direct BvP not yet weighted; 2026/2025 Statcast baseline active,7,7,20,1,Contact streak: 7/20 over last 7 games,"platoon edge; pitcher baseline 12.0% barrel, 23.0 HR allowed",neutral batted-ball profile; pitcher fly-ball pressure modest,7.86,39.14,89.33,98.9183,0.4235,0.1577,0.3482,71.58,21.22,43.38,32.42,13.6,0.1546,12.03,44.83,90.41,0.5206,0.2321,26.36,None,Open-Meteo forecast; MLB fallback,https://forecast.weather.gov/MapClick.php?lat=33.4455&lon=-112.0667,19,0,109,Chase Field,
19,606192,Teoscar Hernández,LAD,AZ,2026-08-08T01:40:00Z,Pre-Game,7,Merrill Kelly,518876,R,57.1,Longshot,Watch List,"Strong Barrel, Hot Hitter/Streak",42.4,67.8,59.2,64.3,50.0,89.2,Yes,Yes,7,Yes,No,MLB Stats API; RotoWire,,H:2026/2025 P:2026/2025,,,Direct BvP not yet weighted; 2026/2025 Statcast baseline active,7,8,23,3,Hot streak: 3 HR in last 7 games,"same-side matchup; pitcher baseline 12.0% barrel, 23.0 HR allowed",neutral batted-ball profile; pitcher fly-ball pressure modest,10.1,43.3,89.57,100.7402,0.4312,0.1836,0.3223,72.34,24.64,32.96,30.5,15.2,0.1741,12.03,44.83,90.41,0.5206,0.2321,26.36,None,Open-Meteo forecast; MLB fallback,https://forecast.weather.gov/MapClick.php?lat=33.4455&lon=-112.0667,19,0,109,Chase Field,
20,681624,Andy Pages,LAD,AZ,2026-08-08T01:40:00Z,Pre-Game,2,Merrill Kelly,518876,R,56.6,Longshot,Watch List,Premium Lineup Spot,35.8,67.8,59.2,100.0,50.0,23.4,Yes,Yes,2,Yes,No,MLB Stats API; RotoWire,,H:2026/2025 P:2026/2025,,,Direct BvP not yet weighted; 2026/2025 Statcast baseline active,7,8,29,0,"Last 7 games: 8/29, 0 HR","same-side matchup; pitcher baseline 12.0% barrel, 23.0 HR allowed",neutral batted-ball profile; pitcher fly-ball pressure modest,7.77,41.12,88.88,99.8454,0.4329,0.1665,0.33,72.85,26.75,36.92,28.44,20.7,0.1848,12.03,44.83,90.41,0.5206,0.2321,26.36,None,Open-Meteo forecast; MLB fallback,https://forecast.weather.gov/MapClick.php?lat=33.4455&lon=-112.0667,19,0,109,Chase Field,
21,592518,Manny Machado,SD,HOU,2026-08-08T01:40:00Z,Pre-Game,3,Ronel Blanco,669854,R,56.6,Longshot,Watch List,"Strong Barrel, Premium Lineup Spot",50.8,59.4,48.6,96.6,50.0,5.1,Yes,Yes,3,Yes,No,MLB Stats API; RotoWire,,H:2026/2025 P:2026/2025,,,Direct BvP not yet weighted; 2026/2025 Statcast baseline active,7,4,26,0,"Last 7 games: 4/26, 0 HR","same-side matchup; pitcher baseline 13.6% barrel, 5.6 HR allowed",neutral batted-ball profile; pitcher allows elevated contact,11.36,46.81,91.36,101.9316,0.4495,0.2016,0.3354,74.64,44.58,40.99,28.71,24.2,0.2039,13.58,36.8,88.42,0.424,0.2166,40.92,L To R,Open-Meteo forecast; MLB fallback,https://forecast.weather.gov/MapClick.php?lat=32.7073&lon=-117.1573,55,0,83,Petco Park,
22,663457,Lars Nootbaar,AZ,LAD,2026-08-08T01:40:00Z,Pre-Game,5,Roki Sasaki,808963,R,56.3,Longshot,Watch List,Platoon Edge,44.0,55.9,59.2,86.4,80.0,4.2,Yes,,,No,Yes,MLB Stats API; RotoWire,not found on RotoWire,H:2026/2025 P:2026/2025,,,Direct BvP not yet weighted; 2026/2025 Statcast baseline active,7,4,27,0,"Last 7 games: 4/27, 0 HR","platoon edge; pitcher baseline 10.9% barrel, 15.8 HR allowed",neutral batted-ball profile; pitcher fly-ball pressure modest,9.08,49.44,91.51,101.418,0.407,0.1711,0.3261,73.12,34.56,38.56,26.45,6.0,0.1172,10.89,43.86,90.25,0.4244,0.1859,28.84,None,Open-Meteo forecast; MLB fallback,https://forecast.weather.gov/MapClick.php?lat=33.4455&lon=-112.0667,19,0,109,Chase Field,
23,650490,Yandy Díaz,TB,SEA,2026-08-08T01:45:00Z,Pre-Game,1,Logan Gilbert,669302,R,54.5,Longshot,Watch List,Premium Lineup Spot,41.0,49.3,62.9,93.2,50.0,43.2,Yes,Yes,1,Yes,No,MLB Stats API; RotoWire,,H:2026/2025 P:2026/2025,,,Direct BvP not yet weighted; 2026/2025 Statcast baseline active,7,8,28,1,"Last 7 games: 8/28, 1 HR","same-side matchup; pitcher baseline 9.8% barrel, 17.9 HR allowed",neutral batted-ball profile; pitcher fly-ball pressure modest,7.39,49.14,91.46,103.2065,0.4464,0.1635,0.353,73.71,38.7,22.62,20.56,18.0,0.1652,9.79,42.12,90.24,0.3873,0.161,28.75,Out To RF,Open-Meteo forecast; MLB fallback,https://forecast.weather.gov/MapClick.php?lat=47.5914&lon=-122.3325,49,0,81,T-Mobile Park,
24,572233,Christian Walker,HOU,SD,2026-08-08T01:40:00Z,Pre-Game,5,Robbie Ray,592662,L,54.3,Longshot,Watch List,"Strong Barrel, Platoon Edge",43.2,47.6,48.6,86.4,78.0,45.3,Yes,Yes,5,Yes,No,MLB Stats API; RotoWire,,H:2026/2025 P:2026/2025,,,Direct BvP not yet weighted; 2026/2025 Statcast baseline active,7,9,30,1,"Last 7 games: 9/30, 1 HR","platoon edge; pitcher baseline 8.8% barrel, 17.1 HR allowed",neutral batted-ball profile; pitcher allows elevated contact,10.73,43.58,89.85,101.6453,0.4042,0.1757,0.307,74.31,43.62,43.11,28.49,23.5,0.2089,8.76,39.66,89.74,0.4018,0.1702,34.71,L To R,Open-Meteo forecast; MLB fallback,https://forecast.weather.gov/MapClick.php?lat=32.7073&lon=-117.1573,55,0,83,Petco Park,
25,693307,Dillon Dingler,DET,SF,2026-08-08T02:15:00Z,Pre-Game,3,JT Brubaker,664141,R,54.3,Longshot,Watch List,"Strong Barrel, Premium Lineup Spot, Hot Hitter/Streak",48.5,30.4,56.3,96.6,50.0,91.2,Yes,Yes,3,Yes,No,MLB Stats API; RotoWire,,H:2026/2025 P:2026/2025,,,Direct BvP not yet weighted; 2026/2025 Statcast baseline active,7,13,36,4,Hot streak: 4 HR in last 7 games,"same-side matchup; pitcher baseline 5.8% barrel, 2.8 HR allowed",neutral batted-ball profile; pitcher fly-ball pressure modest,11.02,45.21,89.51,100.9847,0.5065,0.2186,0.3685,71.77,15.55,40.1,28.64,22.1,0.2247,5.82,38.17,88.41,0.4131,0.1546,24.39,Out To LF,Open-Meteo forecast; MLB fallback,https://forecast.weather.gov/MapClick.php?lat=37.7786&lon=-122.3893,80,1,64,Oracle Park,
26,605141,Mookie Betts,LAD,AZ,2026-08-08T01:40:00Z,Pre-Game,5,Merrill Kelly,518876,R,53.9,Longshot,Watch List,No major boost,33.2,67.8,59.2,86.4,50.0,24.0,Yes,Yes,5,Yes,No,MLB Stats API; RotoWire,,H:2026/2025 P:2026/2025,,,Direct BvP not yet weighted; 2026/2025 Statcast baseline active,7,7,25,0,"Last 7 games: 7/25, 0 HR","same-side matchup; pitcher baseline 12.0% barrel, 23.0 HR allowed",fly-ball profile; pitcher fly-ball pressure modest,6.9,37.76,90.15,98.5107,0.4297,0.156,0.33,69.39,8.25,39.61,35.27,15.1,0.1592,12.03,44.83,90.41,0.5206,0.2321,26.36,None,Open-Meteo forecast; MLB fallback,https://forecast.weather.gov/MapClick.php?lat=33.4455&lon=-112.0667,19,0,109,Chase Field,
27,672515,Gabriel Moreno,AZ,LAD,2026-08-08T01:40:00Z,Pre-Game,3,Roki Sasaki,808963,R,53.8,Longshot,Watch List,Premium Lineup Spot,36.0,55.9,59.2,96.6,50.0,32.5,Yes,,,No,Yes,MLB Stats API; RotoWire,not found on RotoWire,H:2026/2025 P:2026/2025,,,Direct BvP not yet weighted; 2026/2025 Statcast baseline active,7,6,28,1,"Last 7 games: 6/28, 1 HR","same-side matchup; pitcher baseline 10.9% barrel, 15.8 HR allowed",neutral batted-ball profile; pitcher fly-ball pressure modest,7.31,42.77,89.7,99.5903,0.4551,0.1649,0.3649,71.32,19.65,35.22,25.96,8.3,0.1431,10.89,43.86,90.25,0.4244,0.1859,28.84,None,Open-Meteo forecast; MLB fallback,https://forecast.weather.gov/MapClick.php?lat=33.4455&lon=-112.0667,19,0,109,Chase Field,
28,660821,Jesús Sánchez,TOR,PHI,2026-08-07T22:40:00Z,Warmup,3,Zack Wheeler,554430,R,53.7,Longshot,Watch List,"Strong Barrel, Good Environment, Premium Lineup Spot, Platoon Edge",47.9,23.5,70.3,96.6,80.0,19.1,Yes,Yes,3,Yes,No,MLB Stats API; RotoWire,,H:2026/2025 P:2026/2025,,,Direct BvP not yet weighted; 2026/2025 Statcast baseline active,7,2,16,1,"Last 7 games: 2/16, 1 HR","platoon edge; pitcher baseline 6.4% barrel, 14.8 HR allowed",neutral batted-ball profile; pitcher fly-ball pressure modest,11.31,45.43,90.95,102.1142,0.4543,0.1895,0.3314,74.33,48.94,34.87,24.86,9.8,0.1636,6.36,34.66,86.91,0.3123,0.1156,25.74,Out To CF,Open-Meteo forecast; MLB fallback,https://forecast.weather.gov/MapClick.php?lat=39.9061&lon=-75.1665,91,39,78,Citizens Bank Park,
29,665161,Jeremy Peña,HOU,SD,2026-08-08T01:40:00Z,Pre-Game,1,Robbie Ray,592662,L,52.3,Longshot,Watch List,"Premium Lineup Spot, Platoon Edge",31.6,47.6,48.6,93.2,78.0,62.2,Yes,Yes,1,Yes,No,MLB Stats API; RotoWire,,H:2026/2025 P:2026/2025,,,Direct BvP not yet weighted; 2026/2025 Statcast baseline active,7,9,31,2,Hot streak: 2 HR in last 7 games,"platoon edge; pitcher baseline 8.8% barrel, 17.1 HR allowed",neutral batted-ball profile; pitcher allows elevated contact,6.38,42.13,88.41,100.112,0.4446,0.1536,0.3494,72.16,13.78,46.34,23.59,14.2,0.1905,8.76,39.66,89.74,0.4018,0.1702,34.71,L To R,Open-Meteo forecast; MLB fallback,https://forecast.weather.gov/MapClick.php?lat=32.7073&lon=-117.1573,55,0,83,Petco Park,
30,596146,Max Kepler,AZ,LAD,2026-08-08T01:40:00Z,Pre-Game,7,Roki Sasaki,808963,R,51.7,Longshot,Watch List,Platoon Edge,38.8,55.9,59.2,64.3,80.0,8.1,Yes,,,No,Yes,MLB Stats API; RotoWire,not found on RotoWire,H:2026/2025 P:2026/2025,,,Direct BvP not yet weighted; 2026/2025 Statcast baseline active,7,4,23,0,"Last 7 games: 4/23, 0 HR","platoon edge; pitcher baseline 10.9% barrel, 15.8 HR allowed",neutral batted-ball profile; pitcher fly-ball pressure modest,9.22,44.07,89.68,100.0633,0.3849,0.1643,0.2984,71.51,16.42,44.51,32.87,6.8,0.1449,10.89,43.86,90.25,0.4244,0.1859,28.84,None,Open-Meteo forecast; MLB fallback,https://forecast.weather.gov/MapClick.php?lat=33.4455&lon=-112.0667,19,0,109,Chase Field,
31,683748,Victor Mesa Jr.,TB,SEA,2026-08-08T01:45:00Z,Pre-Game,7,Logan Gilbert,669302,R,51.6,Longshot,Watch List,"Strong Barrel, Platoon Edge",42.4,49.3,62.9,64.3,80.0,3.4,Yes,Yes,7,Yes,No,MLB Stats API; RotoWire,,H:2026/2025 P:2026/2025,,,Direct BvP not yet weighted; 2026/2025 Statcast baseline active,7,3,21,0,"Last 7 games: 3/21, 0 HR","platoon edge; pitcher baseline 9.8% barrel, 17.9 HR allowed",neutral batted-ball profile; pitcher fly-ball pressure modest,10.53,40.87,89.91,100.3148,0.4143,0.1816,0.3207,73.58,31.27,44.02,29.99,5.9,0.2043,9.79,42.12,90.24,0.3873,0.161,28.75,Out To RF,Open-Meteo forecast; MLB fallback,https://forecast.weather.gov/MapClick.php?lat=47.5914&lon=-122.3325,49,0,81,T-Mobile Park,
32,669016,Brandon Marsh,PHI,TOR,2026-08-07T22:40:00Z,Warmup,6,José Soriano,667755,R,51.1,Longshot,Watch List,"Good Environment, Platoon Edge",38.7,36.5,70.3,76.2,80.0,24.0,Yes,Yes,6,Yes,No,MLB Stats API; RotoWire,,H:2026/2025 P:2026/2025,,,Direct BvP not yet weighted; 2026/2025 Statcast baseline active,7,7,25,0,"Last 7 games: 7/25, 0 HR","platoon edge; pitcher baseline 7.8% barrel, 12.0 HR allowed",neutral batted-ball profile; pitcher fly-ball pressure modest,8.61,45.07,90.05,100.2621,0.4278,0.1634,0.3181,71.54,15.58,37.77,26.31,14.5,0.1679,7.83,40.71,89.44,0.3789,0.1376,19.03,Out To CF,Open-Meteo forecast; MLB fallback,https://forecast.weather.gov/MapClick.php?lat=39.9061&lon=-75.1665,91,39,78,Citizens Bank Park,
33,668227,Randy Arozarena,SEA,TB,2026-08-08T01:45:00Z,Pre-Game,3,Drew Rasmussen,656876,R,50.9,Longshot,Watch List,Premium Lineup Spot,40.0,30.5,62.9,96.6,50.0,58.0,Yes,Yes,3,Yes,No,MLB Stats API; RotoWire,,H:2026/2025 P:2026/2025,,,Direct BvP not yet weighted; 2026/2025 Statcast baseline active,7,10,26,1,Contact streak: 10/26 over last 7 games,"same-side matchup; pitcher baseline 6.8% barrel, 13.8 HR allowed",neutral batted-ball profile; pitcher fly-ball pressure modest,8.98,45.14,91.16,101.0908,0.4219,0.1676,0.3445,71.32,24.87,33.42,23.26,17.9,0.1761,6.79,36.44,88.64,0.3617,0.1299,23.24,Out To RF,Open-Meteo forecast; MLB fallback,https://forecast.weather.gov/MapClick.php?lat=47.5914&lon=-122.3325,49,0,81,T-Mobile Park,
34,677594,Julio Rodríguez,SEA,TB,2026-08-08T01:45:00Z,Pre-Game,5,Drew Rasmussen,656876,R,50.8,Longshot,Watch List,No major boost,45.9,30.5,62.9,86.4,50.0,46.5,Yes,Yes,5,Yes,No,MLB Stats API; RotoWire,,H:2026/2025 P:2026/2025,,,Direct BvP not yet weighted; 2026/2025 Statcast baseline active,7,8,26,1,"Last 7 games: 8/26, 1 HR","same-side matchup; pitcher baseline 6.8% barrel, 13.8 HR allowed",neutral batted-ball profile; pitcher fly-ball pressure modest,9.03,44.08,90.4,102.6973,0.4727,0.1971,0.3489,76.61,66.85,38.07,26.12,21.5,0.1762,6.79,36.44,88.64,0.3617,0.1299,23.24,Out To RF,Open-Meteo forecast; MLB fallback,https://forecast.weather.gov/MapClick.php?lat=47.5914&lon=-122.3325,49,0,81,T-Mobile Park,
35,679529,Spencer Torkelson,DET,SF,2026-08-08T02:15:00Z,Pre-Game,6,JT Brubaker,664141,R,50.4,Longshot,Watch List,Strong Barrel,51.2,30.4,56.3,76.2,50.0,51.9,Yes,Yes,6,Yes,No,MLB Stats API; RotoWire,,H:2026/2025 P:2026/2025,,,Direct BvP not yet weighted; 2026/2025 Statcast baseline active,7,11,32,1,Contact streak: 11/32 over last 7 games,"same-side matchup; pitcher baseline 5.8% barrel, 2.8 HR allowed",fly-ball profile; pitcher fly-ball pressure modest,13.64,42.93,89.85,100.3594,0.428,0.2069,0.3228,73.14,25.88,48.05,36.88,23.3,0.2055,5.82,38.17,88.41,0.4131,0.1546,24.39,Out To LF,Open-Meteo forecast; MLB fallback,https://forecast.weather.gov/MapClick.php?lat=37.7786&lon=-122.3893,80,1,64,Oracle Park,
36,805808,Kevin McGonigle,DET,SF,2026-08-08T02:15:00Z,Pre-Game,1,JT Brubaker,664141,R,50.1,Longshot,Watch List,"Premium Lineup Spot, Platoon Edge, Hot Hitter/Streak",32.1,30.4,56.3,93.2,80.0,70.3,Yes,Yes,1,Yes,No,MLB Stats API; RotoWire,,H:2026 P:2026/2025,,,Direct BvP not yet weighted; 2026/2025 Statcast baseline active,7,6,27,3,Hot streak: 3 HR in last 7 games,"platoon edge; pitcher baseline 5.8% barrel, 2.8 HR allowed",fly-ball profile; pitcher fly-ball pressure modest,7.1,36.4,88.0,98.2917,0.428,0.165,0.355,71.3,17.3,37.5,36.1,12.0,0.147,5.82,38.17,88.41,0.4131,0.1546,24.39,Out To LF,Open-Meteo forecast; MLB fallback,https://forecast.weather.gov/MapClick.php?lat=37.7786&lon=-122.3893,80,1,64,Oracle Park,
37,672960,Kazuma Okamoto,TOR,PHI,2026-08-07T22:40:00Z,Warmup,5,Zack Wheeler,554430,R,50.0,Longshot,Watch List,"Strong Barrel, Good Environment",50.1,23.5,70.3,86.4,50.0,13.0,Yes,Yes,5,Yes,No,MLB Stats API; RotoWire,,H:2026 P:2026/2025,,,Direct BvP not yet weighted; 2026/2025 Statcast baseline active,7,6,29,0,"Last 7 games: 6/29, 0 HR","same-side matchup; pitcher baseline 6.4% barrel, 14.8 HR allowed",neutral batted-ball profile; pitcher fly-ball pressure modest,12.8,44.7,90.5,101.674,0.416,0.204,0.309,73.2,36.0,50.5,32.6,24.0,0.21,6.36,34.66,86.91,0.3123,0.1156,25.74,Out To CF,Open-Meteo forecast; MLB fallback,https://forecast.weather.gov/MapClick.php?lat=39.9061&lon=-75.1665,91,39,78,Citizens Bank Park,
38,607208,Trea Turner,PHI,TOR,2026-08-07T22:40:00Z,Warmup,2,José Soriano,667755,R,50.0,Longshot,Watch List,"Good Environment, Premium Lineup Spot",28.5,36.5,70.3,100.0,50.0,57.2,Yes,Yes,2,Yes,No,MLB Stats API; RotoWire,,H:2026/2025 P:2026/2025,,,Direct BvP not yet weighted; 2026/2025 Statcast baseline active,7,11,29,1,Contact streak: 11/29 over last 7 games,"same-side matchup; pitcher baseline 7.8% barrel, 12.0 HR allowed",neutral batted-ball profile; pitcher fly-ball pressure modest,6.22,41.4,88.88,99.5698,0.3897,0.1323,0.3063,71.52,19.21,35.52,24.99,15.7,0.1509,7.83,40.71,89.44,0.3789,0.1376,19.03,Out To CF,Open-Meteo forecast; MLB fallback,https://forecast.weather.gov/MapClick.php?lat=39.9061&lon=-75.1665,91,39,78,Citizens Bank Park,
39,676439,Hunter Feduccia,LAD,AZ,2026-08-08T01:40:00Z,Pre-Game,9,Merrill Kelly,518876,R,49.7,Longshot,Watch List,Platoon Edge,30.6,67.8,59.2,44.8,80.0,19.5,Yes,Yes,9,Yes,No,MLB Stats API; RotoWire,,H:2026/2025 P:2026/2025,,,Direct BvP not yet weighted; 2026/2025 Statcast baseline active,7,4,16,0,"Last 7 games: 4/16, 0 HR","platoon edge; pitcher baseline 12.0% barrel, 23.0 HR allowed",neutral batted-ball profile; pitcher fly-ball pressure modest,9.18,37.7,89.7,99.0365,0.3454,0.1276,0.2939,70.71,12.28,32.03,26.96,1.4,0.0899,12.03,44.83,90.41,0.5206,0.2321,26.36,None,Open-Meteo forecast; MLB fallback,https://forecast.weather.gov/MapClick.php?lat=33.4455&lon=-112.0667,19,0,109,Chase Field,
40,672695,Geraldo Perdomo,AZ,LAD,2026-08-08T01:40:00Z,Pre-Game,1,Roki Sasaki,808963,R,49.5,Longshot,Watch List,"Premium Lineup Spot, Platoon Edge",14.3,54.3,59.2,93.2,75.0,62.4,Yes,,,No,Yes,MLB Stats API; RotoWire,not found on RotoWire,H:2026/2025 P:2026/2025,,,Direct BvP not yet weighted; 2026/2025 Statcast baseline active,7,12,29,1,Contact streak: 12/29 over last 7 games,"switch hitter; pitcher baseline 10.9% barrel, 15.8 HR allowed",neutral batted-ball profile; pitcher fly-ball pressure modest,4.24,30.01,87.39,96.6434,0.3645,0.1089,0.3336,67.36,2.08,43.31,26.78,12.3,0.137,10.89,43.86,90.25,0.4244,0.1859,28.84,None,Open-Meteo forecast; MLB fallback,https://forecast.weather.gov/MapClick.php?lat=33.4455&lon=-112.0667,19,0,109,Chase Field,
41,630105,Jake Cronenworth,SD,HOU,2026-08-08T01:40:00Z,Pre-Game,2,Ronel Blanco,669854,R,49.5,Longshot,Watch List,"Premium Lineup Spot, Platoon Edge",17.5,59.4,48.6,100.0,80.0,19.5,Yes,Yes,2,Yes,No,MLB Stats API; RotoWire,,H:2026/2025 P:2026/2025,,,Direct BvP not yet weighted; 2026/2025 Statcast baseline active,7,7,28,0,"Last 7 games: 7/28, 0 HR","platoon edge; pitcher baseline 13.6% barrel, 5.6 HR allowed",neutral batted-ball profile; pitcher allows elevated contact,4.87,33.33,87.73,98.1135,0.3369,0.107,0.3029,71.46,17.6,31.4,21.53,5.4,0.089,13.58,36.8,88.42,0.424,0.2166,40.92,L To R,Open-Meteo forecast; MLB fallback,https://forecast.weather.gov/MapClick.php?lat=32.7073&lon=-117.1573,55,0,83,Petco Park,
42,663728,Cal Raleigh,SEA,TB,2026-08-08T01:45:00Z,Pre-Game,8,Drew Rasmussen,656876,R,49.5,Longshot,Watch List,"Strong Barrel, Platoon Edge",54.9,29.0,62.9,52.4,75.0,18.3,Yes,Yes,8,Yes,No,MLB Stats API; RotoWire,,H:2026/2025 P:2026/2025,,,Direct BvP not yet weighted; 2026/2025 Statcast baseline active,7,3,25,1,"Last 7 games: 3/25, 1 HR","switch hitter; pitcher baseline 6.8% barrel, 13.8 HR allowed",fly-ball profile; pitcher fly-ball pressure modest,15.02,39.1,89.48,100.6247,0.4266,0.2306,0.3178,75.06,52.95,54.08,41.87,26.4,0.2048,6.79,36.44,88.64,0.3617,0.1299,23.24,Out To RF,Open-Meteo forecast; MLB fallback,https://forecast.weather.gov/MapClick.php?lat=47.5914&lon=-122.3325,49,0,81,T-Mobile Park,
43,657757,Gavin Sheets,SD,HOU,2026-08-08T01:40:00Z,Pre-Game,7,Ronel Blanco,669854,R,49.4,Longshot,Watch List,Platoon Edge,34.3,59.4,48.6,64.3,80.0,7.0,Yes,Yes,7,Yes,No,MLB Stats API; RotoWire,,H:2026/2025 P:2026/2025,,,Direct BvP not yet weighted; 2026/2025 Statcast baseline active,7,2,12,0,"Last 7 games: 2/12, 0 HR","platoon edge; pitcher baseline 13.6% barrel, 5.6 HR allowed",neutral batted-ball profile; pitcher allows elevated contact,7.71,41.81,88.36,99.7752,0.4047,0.1634,0.3239,74.52,47.95,38.84,23.56,15.5,0.177,13.58,36.8,88.42,0.424,0.2166,40.92,L To R,Open-Meteo forecast; MLB fallback,https://forecast.weather.gov/MapClick.php?lat=32.7073&lon=-117.1573,55,0,83,Petco Park,
44,694374,Tim Tawa,AZ,LAD,2026-08-08T01:40:00Z,Pre-Game,8,Roki Sasaki,808963,R,49.2,Longshot,Watch List,No major boost,35.9,55.9,59.2,52.4,50.0,64.8,Yes,,,No,Yes,MLB Stats API; RotoWire,not found on RotoWire,H:2026/2025 P:2026/2025,,,Direct BvP not yet weighted; 2026/2025 Statcast baseline active,7,8,26,2,Hot streak: 2 HR in last 7 games,"same-side matchup; pitcher baseline 10.9% barrel, 15.8 HR allowed",neutral batted-ball profile; pitcher fly-ball pressure modest,8.46,42.31,89.69,100.2642,0.375,0.155,0.2886,73.8,36.07,40.73,26.05,6.3,0.1614,10.89,43.86,90.25,0.4244,0.1859,28.84,None,Open-Meteo forecast; MLB fallback,https://forecast.weather.gov/MapClick.php?lat=33.4455&lon=-112.0667,19,0,109,Chase Field,
45,690993,Colt Keith,DET,SF,2026-08-08T02:15:00Z,Pre-Game,5,JT Brubaker,664141,R,49.1,Longshot,Watch List,Platoon Edge,35.6,30.4,56.3,86.4,80.0,45.0,Yes,Yes,5,Yes,No,MLB Stats API; RotoWire,,H:2026/2025 P:2026/2025,,,Direct BvP not yet weighted; 2026/2025 Statcast baseline active,7,9,20,0,Contact streak: 9/20 over last 7 games,"platoon edge; pitcher baseline 5.8% barrel, 2.8 HR allowed",neutral batted-ball profile; pitcher fly-ball pressure modest,7.87,41.88,89.02,99.9936,0.4377,0.1674,0.334,71.47,15.71,37.38,27.21,9.5,0.1521,5.82,38.17,88.41,0.4131,0.1546,24.39,Out To LF,Open-Meteo forecast; MLB fallback,https://forecast.weather.gov/MapClick.php?lat=37.7786&lon=-122.3893,80,1,64,Oracle Park,
46,702284,Cole Young,SEA,TB,2026-08-08T01:45:00Z,Pre-Game,2,Drew Rasmussen,656876,R,48.9,Longshot,Watch List,"Premium Lineup Spot, Platoon Edge",25.7,30.5,62.9,100.0,80.0,48.5,Yes,Yes,2,Yes,No,MLB Stats API; RotoWire,,H:2026/2025 P:2026/2025,,,Direct BvP not yet weighted; 2026/2025 Statcast baseline active,7,9,28,1,Contact streak: 9/28 over last 7 games,"platoon edge; pitcher baseline 6.8% barrel, 13.8 HR allowed",neutral batted-ball profile; pitcher fly-ball pressure modest,5.25,36.56,88.44,99.1213,0.4026,0.1394,0.3229,71.58,22.0,42.33,27.08,11.0,0.1325,6.79,36.44,88.64,0.3617,0.1299,23.24,Out To RF,Open-Meteo forecast; MLB fallback,https://forecast.weather.gov/MapClick.php?lat=47.5914&lon=-122.3325,49,0,81,T-Mobile Park,
47,701358,Cam Smith,HOU,SD,2026-08-08T01:40:00Z,Pre-Game,8,Robbie Ray,592662,L,48.6,Longshot,Watch List,Platoon Edge,41.0,47.6,48.6,52.4,78.0,39.7,Yes,Yes,8,Yes,No,MLB Stats API; RotoWire,,H:2026/2025 P:2026/2025,,,Direct BvP not yet weighted; 2026/2025 Statcast baseline active,7,10,26,0,Contact streak: 10/26 over last 7 games,"platoon edge; pitcher baseline 8.8% barrel, 17.1 HR allowed",neutral batted-ball profile; pitcher allows elevated contact,9.7,43.32,88.95,101.5007,0.4138,0.1718,0.3194,76.67,68.04,37.21,24.79,11.8,0.1451,8.76,39.66,89.74,0.4018,0.1702,34.71,L To R,Open-Meteo forecast; MLB fallback,https://forecast.weather.gov/MapClick.php?lat=32.7073&lon=-117.1573,55,0,83,Petco Park,
48,669242,Tommy Edman,LAD,AZ,2026-08-08T01:40:00Z,Pre-Game,8,Merrill Kelly,518876,R,48.5,Longshot,Watch List,Platoon Edge,26.4,66.1,59.2,52.4,75.0,18.3,Yes,Yes,8,Yes,No,MLB Stats API; RotoWire,,H:2026/2025 P:2026/2025,,,Direct BvP not yet weighted; 2026/2025 Statcast baseline active,7,2,26,1,"Last 7 games: 2/26, 1 HR","switch hitter; pitcher baseline 12.0% barrel, 23.0 HR allowed",neutral batted-ball profile; pitcher fly-ball pressure modest,6.25,39.27,88.72,100.182,0.4054,0.1216,0.335,70.52,12.04,44.28,24.82,6.0,0.1514,12.03,44.83,90.41,0.5206,0.2321,26.36,None,Open-Meteo forecast; MLB fallback,https://forecast.weather.gov/MapClick.php?lat=33.4455&lon=-112.0667,19,0,109,Chase Field,
49,673237,Yainer Diaz,HOU,SD,2026-08-08T01:40:00Z,Pre-Game,7,Robbie Ray,592662,L,48.5,Longshot,Watch List,"Platoon Edge, Hot Hitter/Streak",29.2,47.6,48.6,64.3,78.0,81.7,Yes,Yes,7,Yes,No,MLB Stats API; RotoWire,,H:2026/2025 P:2026/2025,,,Direct BvP not yet weighted; 2026/2025 Statcast baseline active,7,12,26,2,Hot streak: 2 HR in last 7 games,"platoon edge; pitcher baseline 8.8% barrel, 17.1 HR allowed",neutral batted-ball profile; pitcher allows elevated contact,6.73,37.3,88.36,99.5589,0.4272,0.1578,0.3127,72.34,20.97,36.42,19.31,11.6,0.1561,8.76,39.66,89.74,0.4018,0.1702,34.71,L To R,Open-Meteo forecast; MLB fallback,https://forecast.weather.gov/MapClick.php?lat=32.7073&lon=-117.1573,55,0,83,Petco Park,
50,543807,George Springer,TOR,PHI,2026-08-07T22:40:00Z,Warmup,4,Zack Wheeler,554430,R,48.4,Longshot,Watch List,"Good Environment, Premium Lineup Spot",41.1,23.5,70.3,94.9,50.0,16.6,Yes,Yes,4,Yes,No,MLB Stats API; RotoWire,,H:2026/2025 P:2026/2025,,,Direct BvP not yet weighted; 2026/2025 Statcast baseline active,7,6,26,0,"Last 7 games: 6/26, 0 HR","same-side matchup; pitcher baseline 6.4% barrel, 14.8 HR allowed",neutral batted-ball profile; pitcher fly-ball pressure modest,9.97,41.51,88.95,100.2876,0.4373,0.1883,0.3368,73.24,34.88,41.86,27.49,18.0,0.1901,6.36,34.66,86.91,0.3123,0.1156,25.74,Out To CF,Open-Meteo forecast; MLB fallback,https://forecast.weather.gov/MapClick.php?lat=39.9061&lon=-75.1665,91,39,78,Citizens Bank Park,
51,650859,Luis Rengifo,SD,HOU,2026-08-08T01:40:00Z,Pre-Game,4,Ronel Blanco,669854,R,48.2,Longshot,Watch List,"Premium Lineup Spot, Platoon Edge",16.7,58.8,48.6,94.9,75.0,24.0,Yes,Yes,4,Yes,No,MLB Stats API; RotoWire,,H:2026/2025 P:2026/2025,,,Direct BvP not yet weighted; 2026/2025 Statcast baseline active,7,7,25,0,"Last 7 games: 7/25, 0 HR","switch hitter; pitcher baseline 13.6% barrel, 5.6 HR allowed",neutral batted-ball profile; pitcher allows elevated contact,4.37,34.87,87.87,98.0322,0.354,0.0982,0.3055,70.83,15.49,37.39,17.1,4.1,0.0767,13.58,36.8,88.42,0.424,0.2166,40.92,L To R,Open-Meteo forecast; MLB fallback,https://forecast.weather.gov/MapClick.php?lat=32.7073&lon=-117.1573,55,0,83,Petco Park,
52,642715,Willy Adames,SF,DET,2026-08-08T02:15:00Z,Pre-Game,3,Keider Montero,672456,R,48.0,Longshot,Watch List,Premium Lineup Spot,37.5,38.1,56.3,96.6,50.0,0.0,Yes,Yes,3,Yes,No,MLB Stats API; RotoWire,,H:2026/2025 P:2026/2025,,,Direct BvP not yet weighted; 2026/2025 Statcast baseline active,7,3,26,0,"Last 7 games: 3/26, 0 HR","same-side matchup; pitcher baseline 7.4% barrel, 12.5 HR allowed",neutral batted-ball profile; pitcher fly-ball pressure modest,9.66,39.86,87.92,99.0551,0.3965,0.1774,0.3011,72.21,23.83,47.77,34.41,21.6,0.1897,7.43,38.35,88.82,0.404,0.1636,25.7,Out To LF,Open-Meteo forecast; MLB fallback,https://forecast.weather.gov/MapClick.php?lat=37.7786&lon=-122.3893,80,1,64,Oracle Park,
53,514888,Jose Altuve,HOU,SD,2026-08-08T01:40:00Z,Pre-Game,4,Robbie Ray,592662,L,47.0,Longshot,Watch List,"Premium Lineup Spot, Platoon Edge",15.6,47.6,48.6,94.9,78.0,57.2,Yes,Yes,4,Yes,No,MLB Stats API; RotoWire,,H:2026/2025 P:2026/2025,,,Direct BvP not yet weighted; 2026/2025 Statcast baseline active,7,11,29,1,Contact streak: 11/29 over last 7 games,"platoon edge; pitcher baseline 8.8% barrel, 17.1 HR allowed",neutral batted-ball profile; pitcher allows elevated contact,5.64,31.88,85.45,97.1597,0.3518,0.1232,0.2846,69.07,9.57,45.64,22.58,16.9,0.1609,8.76,39.66,89.74,0.4018,0.1702,34.71,L To R,Open-Meteo forecast; MLB fallback,https://forecast.weather.gov/MapClick.php?lat=32.7073&lon=-117.1573,55,0,83,Petco Park,
54,689414,Liam Hicks,TB,SEA,2026-08-08T01:45:00Z,Pre-Game,4,Logan Gilbert,669302,R,46.9,Longshot,Watch List,"Premium Lineup Spot, Platoon Edge",9.2,49.3,62.9,94.9,80.0,42.3,Yes,Yes,4,Yes,No,MLB Stats API; RotoWire,,H:2026/2025 P:2026/2025,,,Direct BvP not yet weighted; 2026/2025 Statcast baseline active,7,7,25,1,"Last 7 games: 7/25, 1 HR","platoon edge; pitcher baseline 9.8% barrel, 17.9 HR allowed",neutral batted-ball profile; pitcher fly-ball pressure modest,3.81,28.68,85.09,96.3742,0.35,0.1018,0.3129,68.03,3.86,42.31,24.5,12.3,0.1396,9.79,42.12,90.24,0.3873,0.161,28.75,Out To RF,Open-Meteo forecast; MLB fallback,https://forecast.weather.gov/MapClick.php?lat=47.5914&lon=-122.3325,49,0,81,T-Mobile Park,
55,670623,Isaac Paredes,HOU,SD,2026-08-08T01:40:00Z,Pre-Game,3,Robbie Ray,592662,L,46.8,Longshot,Watch List,"Premium Lineup Spot, Platoon Edge",19.0,47.6,48.6,96.6,78.0,24.3,Yes,Yes,3,Yes,No,MLB Stats API; RotoWire,,H:2026/2025 P:2026/2025,,,Direct BvP not yet weighted; 2026/2025 Statcast baseline active,7,4,25,1,"Last 7 games: 4/25, 1 HR","platoon edge; pitcher baseline 8.8% barrel, 17.1 HR allowed",neutral batted-ball profile; pitcher allows elevated contact,5.88,30.38,86.56,96.9497,0.3758,0.1327,0.3221,67.74,7.5,51.86,31.22,16.5,0.1753,8.76,39.66,89.74,0.4018,0.1702,34.71,L To R,Open-Meteo forecast; MLB fallback,https://forecast.weather.gov/MapClick.php?lat=32.7073&lon=-117.1573,55,0,83,Petco Park,
56,664761,Alec Bohm,PHI,TOR,2026-08-07T22:40:00Z,Warmup,5,José Soriano,667755,R,46.6,Longshot,Watch List,Good Environment,29.6,36.5,70.3,86.4,50.0,19.5,Yes,Yes,5,Yes,No,MLB Stats API; RotoWire,,H:2026/2025 P:2026/2025,,,Direct BvP not yet weighted; 2026/2025 Statcast baseline active,7,7,28,0,"Last 7 games: 7/28, 0 HR","same-side matchup; pitcher baseline 7.8% barrel, 12.0 HR allowed",neutral batted-ball profile; pitcher fly-ball pressure modest,5.43,43.25,90.66,100.1837,0.3913,0.1341,0.3114,71.07,12.88,28.84,21.95,12.4,0.1311,7.83,40.71,89.44,0.3789,0.1376,19.03,Out To CF,Open-Meteo forecast; MLB fallback,https://forecast.weather.gov/MapClick.php?lat=39.9061&lon=-75.1665,91,39,78,Citizens Bank Park,
57,672386,Alejandro Kirk,TOR,PHI,2026-08-07T22:40:00Z,Warmup,2,Zack Wheeler,554430,R,46.4,Longshot,Watch List,"Good Environment, Premium Lineup Spot",26.3,23.5,70.3,100.0,50.0,60.3,Yes,Yes,2,Yes,No,MLB Stats API; RotoWire,,H:2026/2025 P:2026/2025,,,Direct BvP not yet weighted; 2026/2025 Statcast baseline active,7,10,25,1,Contact streak: 10/25 over last 7 games,"same-side matchup; pitcher baseline 6.4% barrel, 14.8 HR allowed",neutral batted-ball profile; pitcher fly-ball pressure modest,4.78,42.4,88.79,100.2517,0.3939,0.1309,0.3191,71.87,19.86,27.54,22.11,7.3,0.1215,6.36,34.66,86.91,0.3123,0.1156,25.74,Out To CF,Open-Meteo forecast; MLB fallback,https://forecast.weather.gov/MapClick.php?lat=39.9061&lon=-75.1665,91,39,78,Citizens Bank Park,
58,571448,Nolan Arenado,AZ,LAD,2026-08-08T01:40:00Z,Pre-Game,6,Roki Sasaki,808963,R,46.2,Longshot,Watch List,No major boost,19.9,55.9,59.2,76.2,50.0,42.7,Yes,,,No,Yes,MLB Stats API; RotoWire,not found on RotoWire,H:2026/2025 P:2026/2025,,,Direct BvP not yet weighted; 2026/2025 Statcast baseline active,7,4,25,2,Hot streak: 2 HR in last 7 games,"same-side matchup; pitcher baseline 10.9% barrel, 15.8 HR allowed",neutral batted-ball profile; pitcher fly-ball pressure modest,6.31,32.74,85.68,97.1511,0.3632,0.1255,0.2981,71.26,15.61,43.71,27.02,14.8,0.1701,10.89,43.86,90.25,0.4244,0.1859,28.84,None,Open-Meteo forecast; MLB fallback,https://forecast.weather.gov/MapClick.php?lat=33.4455&lon=-112.0667,19,0,109,Chase Field,
59,669134,Luis Campusano,SD,HOU,2026-08-08T01:40:00Z,Pre-Game,6,Ronel Blanco,669854,R,46.2,Longshot,Watch List,No major boost,22.6,59.4,48.6,76.2,50.0,39.7,Yes,Yes,6,Yes,No,MLB Stats API; RotoWire,,H:2026/2025 P:2026/2025,,,Direct BvP not yet weighted; 2026/2025 Statcast baseline active,7,10,26,0,Contact streak: 10/26 over last 7 games,"same-side matchup; pitcher baseline 13.6% barrel, 5.6 HR allowed",neutral batted-ball profile; pitcher allows elevated contact,6.16,40.5,87.94,99.2337,0.313,0.1106,0.3011,72.61,25.72,46.91,19.66,2.8,0.1344,13.58,36.8,88.42,0.424,0.2166,40.92,L To R,Open-Meteo forecast; MLB fallback,https://forecast.weather.gov/MapClick.php?lat=32.7073&lon=-117.1573,55,0,83,Petco Park,
60,650402,Gleyber Torres,DET,SF,2026-08-08T02:15:00Z,Pre-Game,2,JT Brubaker,664141,R,45.9,Longshot,Watch List,Premium Lineup Spot,27.0,30.4,56.3,100.0,50.0,54.9,Yes,Yes,2,Yes,No,MLB Stats API; RotoWire,,H:2026/2025 P:2026/2025,,,Direct BvP not yet weighted; 2026/2025 Statcast baseline active,7,7,29,2,Hot streak: 2 HR in last 7 games,"same-side matchup; pitcher baseline 5.8% barrel, 2.8 HR allowed",neutral batted-ball profile; pitcher fly-ball pressure modest,7.99,35.15,87.34,97.8245,0.4004,0.1489,0.342,68.63,5.61,24.24,28.36,9.7,0.1345,5.82,38.17,88.41,0.4131,0.1546,24.39,Out To LF,Open-Meteo forecast; MLB fallback,https://forecast.weather.gov/MapClick.php?lat=37.7786&lon=-122.3893,80,1,64,Oracle Park,
61,662139,Daulton Varsho,HOU,SD,2026-08-08T01:40:00Z,Pre-Game,6,Robbie Ray,592662,L,45.8,Longshot,Watch List,No major boost,34.2,47.6,48.6,76.2,50.0,13.3,Yes,Yes,6,Yes,No,MLB Stats API; RotoWire,,H:2026/2025 P:2026/2025,,,Direct BvP not yet weighted; 2026/2025 Statcast baseline active,7,5,24,0,"Last 7 games: 5/24, 0 HR","same-side matchup; pitcher baseline 8.8% barrel, 17.1 HR allowed",neutral batted-ball profile; pitcher allows elevated contact,9.18,37.99,87.38,99.4453,0.3981,0.1648,0.3039,73.78,37.3,42.41,29.17,10.9,0.1826,8.76,39.66,89.74,0.4018,0.1702,34.71,L To R,Open-Meteo forecast; MLB fallback,https://forecast.weather.gov/MapClick.php?lat=32.7073&lon=-117.1573,55,0,83,Petco Park,
62,808982,Jung Hoo Lee,SF,DET,2026-08-08T02:15:00Z,Pre-Game,2,Keider Montero,672456,R,45.7,Longshot,Watch List,"Premium Lineup Spot, Platoon Edge",10.7,38.1,56.3,100.0,80.0,66.9,Yes,Yes,2,Yes,No,MLB Stats API; RotoWire,,H:2026/2025 P:2026/2025,,,Direct BvP not yet weighted; 2026/2025 Statcast baseline active,7,9,28,2,Hot streak: 2 HR in last 7 games,"platoon edge; pitcher baseline 7.4% barrel, 12.5 HR allowed",neutral batted-ball profile; pitcher fly-ball pressure modest,2.86,29.62,86.89,96.5745,0.3822,0.0954,0.3161,68.3,2.98,39.02,21.68,8.0,0.1445,7.43,38.35,88.82,0.404,0.1636,25.7,Out To LF,Open-Meteo forecast; MLB fallback,https://forecast.weather.gov/MapClick.php?lat=37.7786&lon=-122.3893,80,1,64,Oracle Park,
63,621493,Taylor Ward,SEA,TB,2026-08-08T01:45:00Z,Pre-Game,1,Drew Rasmussen,656876,R,45.3,Longshot,Watch List,Premium Lineup Spot,31.9,30.5,62.9,93.2,50.0,9.3,Yes,Yes,1,Yes,No,MLB Stats API; RotoWire,,H:2026/2025 P:2026/2025,,,Direct BvP not yet weighted; 2026/2025 Statcast baseline active,7,4,22,0,"Last 7 games: 4/22, 0 HR","same-side matchup; pitcher baseline 6.8% barrel, 13.8 HR allowed",neutral batted-ball profile; pitcher fly-ball pressure modest,7.89,39.97,89.33,99.4899,0.3968,0.1532,0.34,68.73,4.09,33.73,29.38,15.7,0.1427,6.79,36.44,88.64,0.3617,0.1299,23.24,Out To RF,Open-Meteo forecast; MLB fallback,https://forecast.weather.gov/MapClick.php?lat=47.5914&lon=-122.3325,49,0,81,T-Mobile Park,
64,592663,J.T. Realmuto,PHI,TOR,2026-08-07T22:40:00Z,Warmup,7,José Soriano,667755,R,45.1,Longshot,Watch List,Good Environment,32.5,36.5,70.3,64.3,50.0,31.6,Yes,Yes,7,Yes,No,MLB Stats API; RotoWire,,H:2026/2025 P:2026/2025,,,Direct BvP not yet weighted; 2026/2025 Statcast baseline active,7,5,24,1,"Last 7 games: 5/24, 1 HR","same-side matchup; pitcher baseline 7.8% barrel, 12.0 HR allowed",neutral batted-ball profile; pitcher fly-ball pressure modest,6.21,42.77,90.0,100.2299,0.4012,0.1426,0.323,72.98,33.27,41.04,25.94,9.2,0.1319,7.83,40.71,89.44,0.3789,0.1376,19.03,Out To CF,Open-Meteo forecast; MLB fallback,https://forecast.weather.gov/MapClick.php?lat=39.9061&lon=-75.1665,91,39,78,Citizens Bank Park,
65,681082,Bryson Stott,PHI,TOR,2026-08-07T22:40:00Z,Warmup,8,José Soriano,667755,R,44.9,Longshot,Watch List,"Good Environment, Platoon Edge",27.9,36.5,70.3,52.4,80.0,37.3,Yes,Yes,8,Yes,No,MLB Stats API; RotoWire,,H:2026/2025 P:2026/2025,,,Direct BvP not yet weighted; 2026/2025 Statcast baseline active,7,7,19,0,Contact streak: 7/19 over last 7 games,"platoon edge; pitcher baseline 7.8% barrel, 12.0 HR allowed",neutral batted-ball profile; pitcher fly-ball pressure modest,6.29,37.06,89.0,98.7252,0.4063,0.1432,0.3256,69.79,6.96,35.15,28.64,9.5,0.1501,7.83,40.71,89.44,0.3789,0.1376,19.03,Out To CF,Open-Meteo forecast; MLB fallback,https://forecast.weather.gov/MapClick.php?lat=39.9061&lon=-75.1665,91,39,78,Citizens Bank Park,
66,650333,Luis Arraez,PHI,TOR,2026-08-07T22:40:00Z,Warmup,4,José Soriano,667755,R,44.8,Longshot,Watch List,"Good Environment, Premium Lineup Spot, Platoon Edge",7.5,36.5,70.3,94.9,80.0,50.3,Yes,Yes,4,Yes,No,MLB Stats API; RotoWire,,H:2026/2025 P:2026/2025,,,Direct BvP not yet weighted; 2026/2025 Statcast baseline active,7,10,30,1,Contact streak: 10/30 over last 7 games,"platoon edge; pitcher baseline 7.8% barrel, 12.0 HR allowed",neutral batted-ball profile; pitcher fly-ball pressure modest,0.96,19.43,86.8,94.0552,0.3728,0.0858,0.3051,62.99,0.12,30.45,27.54,5.9,0.1168,7.83,40.71,89.44,0.3789,0.1376,19.03,Out To CF,Open-Meteo forecast; MLB fallback,https://forecast.weather.gov/MapClick.php?lat=39.9061&lon=-75.1665,91,39,78,Citizens Bank Park,
67,691740,Daniel Susac,SF,DET,2026-08-08T02:15:00Z,Pre-Game,5,Keider Montero,672456,R,44.6,Longshot,Watch List,Hot Hitter/Streak,18.7,38.1,56.3,86.4,50.0,84.4,Yes,Yes,5,Yes,No,MLB Stats API; RotoWire,,H:2026 P:2026/2025,,,Direct BvP not yet weighted; 2026/2025 Statcast baseline active,7,6,19,3,Hot streak: 3 HR in last 7 games,"same-side matchup; pitcher baseline 7.4% barrel, 12.5 HR allowed",neutral batted-ball profile; pitcher fly-ball pressure modest,5.5,31.8,86.3,97.0824,0.383,0.124,0.307,68.8,4.2,41.8,30.0,3.0,0.14,7.43,38.35,88.82,0.404,0.1636,25.7,Out To LF,Open-Meteo forecast; MLB fallback,https://forecast.weather.gov/MapClick.php?lat=37.7786&lon=-122.3893,80,1,64,Oracle Park,
68,814439,Ryan Waldschmidt,AZ,LAD,2026-08-08T01:40:00Z,Pre-Game,9,Roki Sasaki,808963,R,44.4,Longshot,Watch List,No major boost,27.4,55.9,59.2,44.8,50.0,45.0,Yes,,,No,Yes,MLB Stats API; RotoWire,not found on RotoWire,H:2026 P:2026/2025,,,Direct BvP not yet weighted; 2026/2025 Statcast baseline active,7,10,23,0,Contact streak: 10/23 over last 7 games,"same-side matchup; pitcher baseline 10.9% barrel, 15.8 HR allowed",neutral batted-ball profile; pitcher fly-ball pressure modest,7.3,36.4,88.0,98.7274,0.378,0.129,0.293,72.2,18.8,34.5,29.1,1.0,0.109,10.89,43.86,90.25,0.4244,0.1859,28.84,None,Open-Meteo forecast; MLB fallback,https://forecast.weather.gov/MapClick.php?lat=33.4455&lon=-112.0667,19,0,109,Chase Field,
69,593428,Xander Bogaerts,SD,HOU,2026-08-08T01:40:00Z,Pre-Game,8,Ronel Blanco,669854,R,44.2,Longshot,Watch List,No major boost,26.7,59.4,48.6,52.4,50.0,39.1,Yes,Yes,8,Yes,No,MLB Stats API; RotoWire,,H:2026/2025 P:2026/2025,,,Direct BvP not yet weighted; 2026/2025 Statcast baseline active,7,8,21,0,Contact streak: 8/21 over last 7 games,"same-side matchup; pitcher baseline 13.6% barrel, 5.6 HR allowed",neutral batted-ball profile; pitcher allows elevated contact,5.99,39.48,88.51,99.8216,0.3857,0.1313,0.3235,72.31,27.73,43.66,23.13,9.6,0.1084,13.58,36.8,88.42,0.424,0.2166,40.92,L To R,Open-Meteo forecast; MLB fallback,https://forecast.weather.gov/MapClick.php?lat=32.7073&lon=-117.1573,55,0,83,Petco Park,
70,647304,Josh Naylor,SEA,TB,2026-08-08T01:45:00Z,Pre-Game,6,Drew Rasmussen,656876,R,43.2,Longshot,Watch List,Platoon Edge,23.3,30.5,62.9,76.2,80.0,18.0,Yes,Yes,6,Yes,No,MLB Stats API; RotoWire,,H:2026/2025 P:2026/2025,,,Direct BvP not yet weighted; 2026/2025 Statcast baseline active,7,6,25,0,"Last 7 games: 6/25, 0 HR","platoon edge; pitcher baseline 6.8% barrel, 13.8 HR allowed",neutral batted-ball profile; pitcher fly-ball pressure modest,5.09,37.63,88.08,99.0412,0.3984,0.1303,0.3208,70.34,11.4,41.36,23.41,11.6,0.1166,6.79,36.44,88.64,0.3617,0.1299,23.24,Out To RF,Open-Meteo forecast; MLB fallback,https://forecast.weather.gov/MapClick.php?lat=47.5914&lon=-122.3325,49,0,81,T-Mobile Park,
71,802415,Chandler Simpson,TB,SEA,2026-08-08T01:45:00Z,Pre-Game,5,Logan Gilbert,669302,R,42.7,Longshot,Watch List,Platoon Edge,0.4,49.3,62.9,86.4,80.0,39.7,Yes,Yes,5,Yes,No,MLB Stats API; RotoWire,,H:2026/2025 P:2026/2025,,,Direct BvP not yet weighted; 2026/2025 Statcast baseline active,7,10,26,0,Contact streak: 10/26 over last 7 games,"platoon edge; pitcher baseline 9.8% barrel, 17.9 HR allowed",neutral batted-ball profile; pitcher fly-ball pressure modest,0.0,15.34,84.09,93.1262,0.3087,0.0389,0.2753,64.73,0.58,27.99,12.37,0.0,0.0556,9.79,42.12,90.24,0.3873,0.161,28.75,Out To RF,Open-Meteo forecast; MLB fallback,https://forecast.weather.gov/MapClick.php?lat=47.5914&lon=-122.3325,49,0,81,T-Mobile Park,
72,676356,Jonny DeLuca,TB,SEA,2026-08-08T01:45:00Z,Pre-Game,6,Logan Gilbert,669302,R,41.8,Longshot,Watch List,No major boost,12.1,49.3,62.9,76.2,50.0,28.9,Yes,Yes,6,Yes,No,MLB Stats API; RotoWire,,H:2026/2025 P:2026/2025,,,Direct BvP not yet weighted; 2026/2025 Statcast baseline active,7,4,21,1,"Last 7 games: 4/21, 1 HR","same-side matchup; pitcher baseline 9.8% barrel, 17.9 HR allowed",neutral batted-ball profile; pitcher fly-ball pressure modest,3.56,30.68,85.25,97.3309,0.3486,0.0998,0.2761,72.96,30.62,46.65,21.99,4.9,0.1559,9.79,42.12,90.24,0.3873,0.161,28.75,Out To RF,Open-Meteo forecast; MLB fallback,https://forecast.weather.gov/MapClick.php?lat=47.5914&lon=-122.3325,49,0,81,T-Mobile Park,
73,680700,Richie Palacios,TB,SEA,2026-08-08T01:45:00Z,Pre-Game,8,Logan Gilbert,669302,R,41.7,Longshot,Watch List,Platoon Edge,15.0,49.3,62.9,52.4,80.0,19.1,Yes,Yes,8,Yes,No,MLB Stats API; RotoWire,,H:2026/2025 P:2026/2025,,,Direct BvP not yet weighted; 2026/2025 Statcast baseline active,7,2,16,1,"Last 7 games: 2/16, 1 HR","platoon edge; pitcher baseline 9.8% barrel, 17.9 HR allowed",neutral batted-ball profile; pitcher fly-ball pressure modest,4.85,32.27,87.1,96.7923,0.3653,0.1025,0.3215,68.84,3.24,34.85,20.77,3.8,0.1169,9.79,42.12,90.24,0.3873,0.161,28.75,Out To RF,Open-Meteo forecast; MLB fallback,https://forecast.weather.gov/MapClick.php?lat=47.5914&lon=-122.3325,49,0,81,T-Mobile Park,
74,703601,Max Clark,DET,SF,2026-08-08T02:15:00Z,Pre-Game,7,JT Brubaker,664141,R,41.7,Longshot,Watch List,Platoon Edge,21.9,30.4,56.3,64.3,80.0,50.3,Yes,Yes,7,Yes,No,MLB Stats API; RotoWire,,H:2026 P:2026/2025,,,Direct BvP not yet weighted; 2026/2025 Statcast baseline active,6,8,24,1,Contact streak: 8/24 over last 6 games,"platoon edge; pitcher baseline 5.8% barrel, 2.8 HR allowed",neutral batted-ball profile; pitcher fly-ball pressure modest,0.0,40.0,87.4,96.4806,0.394,0.103,0.366,73.3,32.7,20.0,33.3,1.0,0.209,5.82,38.17,88.41,0.4131,0.1546,24.39,Out To LF,Open-Meteo forecast; MLB fallback,https://forecast.weather.gov/MapClick.php?lat=37.7786&lon=-122.3893,80,1,64,Oracle Park,
75,687551,Drew Gilbert,SF,DET,2026-08-08T02:15:00Z,Pre-Game,6,Keider Montero,672456,R,41.5,Longshot,Watch List,Platoon Edge,12.9,38.1,56.3,76.2,80.0,35.6,Yes,Yes,6,Yes,No,MLB Stats API; RotoWire,,H:2026/2025 P:2026/2025,,,Direct BvP not yet weighted; 2026/2025 Statcast baseline active,7,5,14,0,Contact streak: 5/14 over last 7 games,"platoon edge; pitcher baseline 7.4% barrel, 12.5 HR allowed",neutral batted-ball profile; pitcher fly-ball pressure modest,3.29,34.47,86.25,97.7354,0.3472,0.1027,0.298,70.52,10.2,40.28,18.71,3.7,0.1264,7.43,38.35,88.82,0.404,0.1636,25.7,Out To LF,Open-Meteo forecast; MLB fallback,https://forecast.weather.gov/MapClick.php?lat=37.7786&lon=-122.3893,80,1,64,Oracle Park,
76,680977,Brendan Donovan,SEA,TB,2026-08-08T01:45:00Z,Pre-Game,7,Drew Rasmussen,656876,R,40.1,Longshot,Watch List,Platoon Edge,19.0,30.5,62.9,64.3,80.0,18.0,Yes,Yes,7,Yes,No,MLB Stats API; RotoWire,,H:2026/2025 P:2026/2025,,,Direct BvP not yet weighted; 2026/2025 Statcast baseline active,7,6,25,0,"Last 7 games: 6/25, 0 HR","platoon edge; pitcher baseline 6.8% barrel, 13.8 HR allowed",neutral batted-ball profile; pitcher fly-ball pressure modest,5.51,33.48,86.41,97.3122,0.3902,0.1298,0.3341,68.74,1.93,39.0,24.19,5.1,0.156,6.79,36.44,88.64,0.3617,0.1299,23.24,Out To RF,Open-Meteo forecast; MLB fallback,https://forecast.weather.gov/MapClick.php?lat=47.5914&lon=-122.3325,49,0,81,T-Mobile Park,
77,664770,Nathan Lukes,TOR,PHI,2026-08-07T22:40:00Z,Warmup,1,Zack Wheeler,554430,R,39.3,Longshot,Watch List,"Good Environment, Premium Lineup Spot, Platoon Edge",8.9,23.5,70.3,93.2,80.0,0.0,Yes,Yes,1,Yes,No,MLB Stats API; RotoWire,,H:2026/2025 P:2026/2025,,,Direct BvP not yet weighted; 2026/2025 Statcast baseline active,7,1,23,0,"Last 7 games: 1/23, 0 HR","platoon edge; pitcher baseline 6.4% barrel, 14.8 HR allowed",neutral batted-ball profile; pitcher fly-ball pressure modest,2.07,30.35,86.85,96.7409,0.3444,0.091,0.2933,67.3,4.11,33.45,20.88,7.1,0.1149,6.36,34.66,86.91,0.3123,0.1156,25.74,Out To CF,Open-Meteo forecast; MLB fallback,https://forecast.weather.gov/MapClick.php?lat=39.9061&lon=-75.1665,91,39,78,Citizens Bank Park,
78,823550,Sung-Mun Song,SD,HOU,2026-08-08T01:40:00Z,Pre-Game,9,Ronel Blanco,669854,R,38.7,Longshot,Watch List,Platoon Edge,11.2,59.4,48.6,44.8,80.0,0.0,Yes,Yes,9,Yes,No,MLB Stats API; RotoWire,,H:2026 P:2026/2025,,,Direct BvP not yet weighted; 2026/2025 Statcast baseline active,7,1,11,0,"Last 7 games: 1/11, 0 HR","platoon edge; pitcher baseline 13.6% barrel, 5.6 HR allowed",neutral batted-ball profile; pitcher allows elevated contact,4.7,24.7,86.8,96.5653,0.273,0.091,0.265,72.0,14.4,38.8,24.7,1.0,0.066,13.58,36.8,88.42,0.424,0.2166,40.92,L To R,Open-Meteo forecast; MLB fallback,https://forecast.weather.gov/MapClick.php?lat=32.7073&lon=-117.1573,55,0,83,Petco Park,
79,665926,Andrés Giménez,TOR,PHI,2026-08-07T22:40:00Z,Warmup,6,Zack Wheeler,554430,R,38.2,Longshot,Watch List,"Good Environment, Platoon Edge",7.3,23.5,70.3,76.2,80.0,34.5,Yes,Yes,6,Yes,No,MLB Stats API; RotoWire,,H:2026/2025 P:2026/2025,,,Direct BvP not yet weighted; 2026/2025 Statcast baseline active,7,7,20,0,Contact streak: 7/20 over last 7 games,"platoon edge; pitcher baseline 6.4% barrel, 14.8 HR allowed",neutral batted-ball profile; pitcher fly-ball pressure modest,3.42,24.76,86.02,95.8335,0.333,0.0957,0.28,68.46,5.07,38.59,23.09,7.0,0.1135,6.36,34.66,86.91,0.3123,0.1156,25.74,Out To CF,Open-Meteo forecast; MLB fallback,https://forecast.weather.gov/MapClick.php?lat=39.9061&lon=-75.1665,91,39,78,Citizens Bank Park,
80,676694,Jake Meyers,HOU,SD,2026-08-08T01:40:00Z,Pre-Game,9,Robbie Ray,592662,L,38.1,Longshot,Watch List,Platoon Edge,16.5,47.6,48.6,44.8,78.0,14.1,Yes,Yes,9,Yes,No,MLB Stats API; RotoWire,,H:2026/2025 P:2026/2025,,,Direct BvP not yet weighted; 2026/2025 Statcast baseline active,7,3,14,0,"Last 7 games: 3/14, 0 HR","platoon edge; pitcher baseline 8.8% barrel, 17.1 HR allowed",neutral batted-ball profile; pitcher allows elevated contact,6.05,31.27,86.42,96.9097,0.34,0.1186,0.276,67.77,4.76,38.34,26.42,3.0,0.1013,8.76,39.66,89.74,0.4018,0.1702,34.71,L To R,Open-Meteo forecast; MLB fallback,https://forecast.weather.gov/MapClick.php?lat=32.7073&lon=-117.1573,55,0,83,Petco Park,
81,702222,Justin Crawford,PHI,TOR,2026-08-07T22:40:00Z,Warmup,9,José Soriano,667755,R,37.6,Longshot,Watch List,"Good Environment, Platoon Edge",9.1,36.5,70.3,44.8,80.0,37.3,Yes,Yes,9,Yes,No,MLB Stats API; RotoWire,,H:2026 P:2026/2025,,,Direct BvP not yet weighted; 2026/2025 Statcast baseline active,7,7,19,0,Contact streak: 7/19 over last 7 games,"platoon edge; pitcher baseline 7.8% barrel, 12.0 HR allowed",neutral batted-ball profile; pitcher fly-ball pressure modest,1.2,33.5,86.7,97.7154,0.314,0.06,0.277,69.0,5.0,27.5,16.7,2.0,0.08,7.83,40.71,89.44,0.3789,0.1376,19.03,Out To CF,Open-Meteo forecast; MLB fallback,https://forecast.weather.gov/MapClick.php?lat=39.9061&lon=-75.1665,91,39,78,Citizens Bank Park,
82,806068,Colt Emerson,SEA,TB,2026-08-08T01:45:00Z,Pre-Game,9,Drew Rasmussen,656876,R,37.0,Longshot,Watch List,Platoon Edge,15.6,30.5,62.9,44.8,80.0,31.6,Yes,Yes,9,Yes,No,MLB Stats API; RotoWire,,H:2026 P:2026/2025,,,Direct BvP not yet weighted; 2026/2025 Statcast baseline active,7,5,24,1,"Last 7 games: 5/24, 1 HR","platoon edge; pitcher baseline 6.8% barrel, 13.8 HR allowed",neutral batted-ball profile; pitcher fly-ball pressure modest,5.2,30.4,86.5,96.9997,0.312,0.111,0.257,72.5,25.8,40.7,23.0,8.0,0.157,6.79,36.44,88.64,0.3617,0.1299,23.24,Out To RF,Open-Meteo forecast; MLB fallback,https://forecast.weather.gov/MapClick.php?lat=47.5914&lon=-122.3325,49,0,81,T-Mobile Park,
83,687529,Grant McCray,SF,DET,2026-08-08T02:15:00Z,Pre-Game,8,Keider Montero,672456,R,36.9,Longshot,Watch List,Platoon Edge,14.5,38.1,56.3,52.4,80.0,0.0,Yes,Yes,8,Yes,No,MLB Stats API; RotoWire,,H:2026/2025 P:2026/2025,,,Direct BvP not yet weighted; 2026/2025 Statcast baseline active,7,1,15,0,"Last 7 games: 1/15, 0 HR","platoon edge; pitcher baseline 7.4% barrel, 12.5 HR allowed",neutral batted-ball profile; pitcher fly-ball pressure modest,8.12,17.43,84.58,95.7186,0.2776,0.1092,0.2697,72.01,23.52,37.14,23.24,0.7,0.1022,7.43,38.35,88.82,0.404,0.1636,25.7,Out To LF,Open-Meteo forecast; MLB fallback,https://forecast.weather.gov/MapClick.php?lat=37.7786&lon=-122.3893,80,1,64,Oracle Park,
84,669701,Josh Smith,TOR,PHI,2026-08-07T22:40:00Z,Warmup,8,Zack Wheeler,554430,R,36.0,Longshot,Watch List,"Good Environment, Platoon Edge",16.1,23.5,70.3,52.4,80.0,0.0,Yes,Yes,8,Yes,No,MLB Stats API; RotoWire,,H:2026/2025 P:2026/2025,,,Direct BvP not yet weighted; 2026/2025 Statcast baseline active,7,1,16,0,"Last 7 games: 1/16, 0 HR","platoon edge; pitcher baseline 6.4% barrel, 14.8 HR allowed",neutral batted-ball profile; pitcher fly-ball pressure modest,5.91,29.98,86.5,97.154,0.3233,0.1099,0.2792,69.07,3.46,33.99,29.7,3.7,0.0744,6.36,34.66,86.91,0.3123,0.1156,25.74,Out To CF,Open-Meteo forecast; MLB fallback,https://forecast.weather.gov/MapClick.php?lat=39.9061&lon=-75.1665,91,39,78,Citizens Bank Park,
85,670764,Taylor Walls,TB,SEA,2026-08-08T01:45:00Z,Pre-Game,9,Logan Gilbert,669302,R,35.7,Longshot,Watch List,Platoon Edge,5.4,47.3,62.9,44.8,75.0,2.5,Yes,Yes,9,Yes,No,MLB Stats API; RotoWire,,H:2026/2025 P:2026/2025,,,Direct BvP not yet weighted; 2026/2025 Statcast baseline active,7,3,22,0,"Last 7 games: 3/22, 0 HR","switch hitter; pitcher baseline 9.8% barrel, 17.9 HR allowed",neutral batted-ball profile; pitcher fly-ball pressure modest,2.71,22.97,85.81,95.3457,0.2684,0.0752,0.2519,68.42,2.34,37.91,28.77,1.2,0.0759,9.79,42.12,90.24,0.3873,0.161,28.75,Out To RF,Open-Meteo forecast; MLB fallback,https://forecast.weather.gov/MapClick.php?lat=47.5914&lon=-122.3325,49,0,81,T-Mobile Park,
86,703520,Brett Bateman,TOR,PHI,2026-08-07T22:40:00Z,Warmup,9,Zack Wheeler,554430,R,34.3,Longshot,Watch List,"Good Environment, Platoon Edge",6.4,23.5,70.3,44.8,80.0,50.0,Yes,Yes,9,Yes,No,MLB Stats API; RotoWire,,H: P:2026/2025,,,Direct BvP not yet weighted; 2026/2025 Statcast baseline active,0,0,0,0,Recent form unavailable,"platoon edge; pitcher baseline 6.4% barrel, 14.8 HR allowed",neutral batted-ball profile; pitcher fly-ball pressure modest,,,,,,,,,,,,,,6.36,34.66,86.91,0.3123,0.1156,25.74,Out To CF,Open-Meteo forecast; MLB fallback,https://forecast.weather.gov/MapClick.php?lat=39.9061&lon=-75.1665,91,39,78,Citizens Bank Park,
87,656716,Zach McKinstry,DET,SF,2026-08-08T02:15:00Z,Pre-Game,9,JT Brubaker,664141,R,33.5,Longshot,Watch List,Platoon Edge,7.8,30.4,56.3,44.8,80.0,34.5,Yes,Yes,9,Yes,No,MLB Stats API; RotoWire,,H:2026/2025 P:2026/2025,,,Direct BvP not yet weighted; 2026/2025 Statcast baseline active,7,7,20,0,Contact streak: 7/20 over last 7 games,"platoon edge; pitcher baseline 5.8% barrel, 2.8 HR allowed",neutral batted-ball profile; pitcher fly-ball pressure modest,3.65,25.67,85.56,95.9699,0.3349,0.0942,0.2938,68.13,4.42,40.19,26.88,6.4,0.1307,5.82,38.17,88.41,0.4131,0.1546,24.39,Out To LF,Open-Meteo forecast; MLB fallback,https://forecast.weather.gov/MapClick.php?lat=37.7786&lon=-122.3893,80,1,64,Oracle Park,
88,595879,Javier Báez,DET,SF,2026-08-08T02:15:00Z,Pre-Game,8,JT Brubaker,664141,R,33.4,Longshot,Watch List,No major boost,12.6,30.4,56.3,52.4,50.0,33.7,Yes,Yes,8,Yes,No,MLB Stats API; RotoWire,,H:2026/2025 P:2026/2025,,,Direct BvP not yet weighted; 2026/2025 Statcast baseline active,7,10,29,0,Contact streak: 10/29 over last 7 games,"same-side matchup; pitcher baseline 5.8% barrel, 2.8 HR allowed",neutral batted-ball profile; pitcher fly-ball pressure modest,3.33,32.34,85.96,97.1845,0.3499,0.0926,0.2815,72.94,28.77,41.48,21.21,5.0,0.1224,5.82,38.17,88.41,0.4131,0.1546,24.39,Out To LF,Open-Meteo forecast; MLB fallback,https://forecast.weather.gov/MapClick.php?lat=37.7786&lon=-122.3893,80,1,64,Oracle Park,
89,676391,Ernie Clement,TOR,PHI,2026-08-07T22:40:00Z,Warmup,7,Zack Wheeler,554430,R,33.0,Longshot,Watch List,Good Environment,6.3,23.5,70.3,64.3,50.0,24.3,Yes,Yes,7,Yes,No,MLB Stats API; RotoWire,,H:2026/2025 P:2026/2025,,,Direct BvP not yet weighted; 2026/2025 Statcast baseline active,7,4,25,1,"Last 7 games: 4/25, 1 HR","same-side matchup; pitcher baseline 6.4% barrel, 14.8 HR allowed",neutral batted-ball profile; pitcher fly-ball pressure modest,2.47,22.64,85.41,94.8236,0.345,0.0902,0.2771,67.46,2.68,42.9,28.32,9.0,0.1259,6.36,34.66,86.91,0.3123,0.1156,25.74,Out To CF,Open-Meteo forecast; MLB fallback,https://forecast.weather.gov/MapClick.php?lat=39.9061&lon=-75.1665,91,39,78,Citizens Bank Park,
90,683766,Christian Koss,SF,DET,2026-08-08T02:15:00Z,Pre-Game,9,Keider Montero,672456,R,30.5,Longshot,Watch List,No major boost,3.9,38.1,56.3,44.8,50.0,16.1,Yes,Yes,9,Yes,No,MLB Stats API; RotoWire,,H:2026/2025 P:2026/2025,,,Direct BvP not yet weighted; 2026/2025 Statcast baseline active,7,5,22,0,"Last 7 games: 5/22, 0 HR","same-side matchup; pitcher baseline 7.4% barrel, 12.5 HR allowed",neutral batted-ball profile; pitcher fly-ball pressure modest,3.62,24.85,84.31,95.8555,0.2739,0.0711,0.2361,69.72,6.21,44.18,22.62,0.9,0.0459,7.43,38.35,88.82,0.404,0.1636,25.7,Out To LF,Open-Meteo forecast; MLB fallback,https://forecast.weather.gov/MapClick.php?lat=37.7786&lon=-122.3893,80,1,64,Oracle Park,
