rank,hitter_id,player,team,opponent,game_start_time,game_status,batting_order,pitcher,pitcher_id,pitcher_hand,hr_score,tier,play_type,reason_tags,power_score,pitcher_score,environment_score,lineup_score,platoon_score,recent_form_score,sheet_score,sheet_carry_score,confirmed_lineup,rotowire_confirmed_lineup,rotowire_batting_order,rotowire_player_found,lineup_disagreement,lineup_sources_used,source_warnings,stat_years_used,bvp_pa,bvp_hr,bvp_note,recent_games,recent_hits,recent_abs,recent_hr,recent_form_note,split_matchup_note,pitch_mix_note,barrel_pct,hard_hit_pct,avg_exit_velocity,ev50,xslg,xiso,xwoba,bat_speed,fast_swing_pct,pull_pct,fb_pct,hr_total,iso,pitcher_barrel_pct_allowed,pitcher_hard_hit_pct_allowed,pitcher_avg_exit_velocity_allowed,pitcher_xslg_allowed,pitcher_xiso_allowed,pitcher_fb_pct_allowed,wind_direction,weather_source,weather_url,weather_humidity,weather_precip_pct,weather_temp,ballpark,odds,sheet_barrel_pct,sheet_iso,sheet_ev,sheet_pm_hr,sheet_pm_pa,sheet_pa_pct,sheet_hr_env,sheet_pitcher_split_barrel,sheet_pitcher_split_hr,sheet_note
1,660271,Shohei Ohtani,LAD,PIT,2026-08-22T23:15:00Z,Scheduled,1,Jared Jones,683003,R,68.3,Tier 3,Watch List,"Projected Lineup, Elite Power, Strong Barrel, Premium Lineup Spot, Platoon Edge, Hot Hitter/Streak",81.5,42.6,56.6,88.7,80.0,79.9,50.0,,No,No,1,Yes,Yes,RotoWire projected lineup; MLB probable pitchers,lineup projected / unconfirmed,H:2026/2025 P:2026,,,Direct BvP not yet weighted; 2026/2025 Statcast baseline active,7,8,28,3,Hot streak: 3 HR in last 7 games,"platoon edge; pitcher baseline 8.6% barrel, 11.0 HR allowed",lift-pull EV profile; pitcher fly-ball pressure modest,18.67,54.57,93.99,104.5751,0.6,0.3106,0.4138,75.03,53.15,46.63,32.2,37.5,0.2847,8.6,39.1,89.6,0.392,0.173,27.0,246 deg,Open-Meteo forecast; MLB fallback,https://forecast.weather.gov/MapClick.php?lat=34.0739&lon=-118.2400,41,0,91,UNIQLO Field at Dodger Stadium,,,,,,,,,,,
2,624413,Pete Alonso,BAL,TB,2026-08-22T23:05:00Z,Scheduled,2,Shane McClanahan,663556,L,67.0,Tier 3,Watch List,"Projected Lineup, Strong Barrel, Premium Lineup Spot, Platoon Edge, Hot Hitter/Streak",73.0,43.4,52.1,95.5,78.0,100.0,50.0,,No,No,2,Yes,Yes,RotoWire projected lineup; MLB probable pitchers,lineup projected / unconfirmed,H:2026/2025 P:2026,,,Direct BvP not yet weighted; 2026/2025 Statcast baseline active,7,12,27,4,Hot streak: 4 HR in last 7 games,"platoon edge; pitcher baseline 8.7% barrel, 8.0 HR allowed",EV profile; pitcher fly-ball pressure modest,15.54,55.66,93.92,104.2486,0.5566,0.2752,0.3916,74.78,48.93,35.73,30.95,32.4,0.2387,8.7,41.5,89.5,0.405,0.164,27.7,152 deg,Open-Meteo forecast; MLB fallback,https://forecast.weather.gov/MapClick.php?lat=39.2840&lon=-76.6217,53,0,77,Oriole Park at Camden Yards,,,,,,,,,,,
3,695491,Joshua Baez,STL,PHI,2026-08-22T22:05:00Z,Scheduled,5,Andrew Painter,691725,R,64.8,Tier 3,Watch List,"Projected Lineup, Elite Power, Strong Barrel",93.2,41.4,53.3,81.9,50.0,18.3,50.0,,No,No,5,Yes,Yes,RotoWire projected lineup; MLB probable pitchers,lineup projected / unconfirmed,H:2026 P:2026,,,Direct BvP not yet weighted; 2026/2025 Statcast baseline active,7,2,24,1,"Last 7 games: 2/24, 1 HR","same-side matchup; pitcher baseline 8.4% barrel, 17.0 HR allowed",EV profile; pitcher fly-ball pressure modest,21.1,63.2,96.8,104.1456,0.576,0.333,0.375,78.5,85.5,31.6,42.1,4.0,0.428,8.4,35.5,87.3,0.445,0.178,27.1,98 deg,Open-Meteo forecast; MLB fallback,https://forecast.weather.gov/MapClick.php?lat=39.9061&lon=-75.1665,57,0,77,Citizens Bank Park,,,,,,,,,,,
4,665052,Griffin Conine,MIA,WSH,2026-08-22T20:10:00Z,Scheduled,4,Jake Irvin,663623,R,64.4,Tier 3,Watch List,"Projected Lineup, Strong Barrel, Premium Lineup Spot, Platoon Edge",63.4,64.4,50.0,90.4,80.0,27.6,50.0,,No,No,4,Yes,Yes,RotoWire projected lineup; MLB probable pitchers,lineup projected / unconfirmed,H:2026/2025 P:2026/2025,,,Direct BvP not yet weighted; 2026/2025 Statcast baseline active,7,4,22,1,"Last 7 games: 4/22, 1 HR","platoon edge; pitcher baseline 12.2% barrel, 19.8 HR allowed",EV profile; pitcher allows elevated contact,16.13,52.51,92.16,103.8746,0.4859,0.2313,0.3566,74.26,44.32,42.39,24.53,10.4,0.2406,12.21,44.79,89.28,0.4742,0.2197,30.07,152 deg,Open-Meteo forecast; MLB fallback,https://forecast.weather.gov/MapClick.php?lat=25.7781&lon=-80.2197,76,14,84,loanDepot park,,,,,,,,,,,
5,608369,Corey Seager,TEX,LAA,2026-08-22T23:05:00Z,Scheduled,2,Ryan Johnson,696270,R,64.3,Tier 3,Watch List,"Projected Lineup, Strong Barrel, Premium Lineup Spot, Platoon Edge",62.1,50.2,58.6,95.5,80.0,60.3,50.0,,No,No,2,Yes,Yes,RotoWire projected lineup; MLB probable pitchers,lineup projected / unconfirmed,H:2026/2025 P:2026/2025,,,Direct BvP not yet weighted; 2026/2025 Statcast baseline active,7,10,25,1,Contact streak: 10/25 over last 7 games,"platoon edge; pitcher baseline 10.4% barrel, 12.4 HR allowed",neutral batted-ball profile; pitcher allows elevated contact,15.37,49.19,91.92,102.6296,0.4976,0.2455,0.3601,71.87,15.72,40.29,31.9,15.4,0.2006,10.39,36.84,87.82,0.4535,0.1945,33.95,90 deg,Open-Meteo forecast; MLB fallback,https://forecast.weather.gov/MapClick.php?lat=32.7473&lon=-97.0842,40,0,97,Globe Life Field,,,,,,,,,,,
6,545361,Mike Trout,LAA,TEX,2026-08-22T23:05:00Z,Scheduled,2,Cody Bradford,674003,L,63.2,Tier 3,Watch List,"Projected Lineup, Strong Barrel, Premium Lineup Spot, Platoon Edge",60.9,60.9,58.6,95.5,78.0,0.0,50.0,,No,No,2,Yes,Yes,RotoWire projected lineup; MLB probable pitchers,lineup projected / unconfirmed,H:2026/2025 P:2026,,,Direct BvP not yet weighted; 2026/2025 Statcast baseline active,7,3,26,0,"Last 7 games: 3/26, 0 HR","platoon edge; pitcher baseline 10.2% barrel, 1.0 HR allowed",neutral batted-ball profile; pitcher allows elevated contact,15.87,46.99,90.2,102.8934,0.488,0.2411,0.3741,74.63,47.91,37.07,33.03,21.8,0.1979,10.2,42.0,92.7,0.511,0.213,34.0,90 deg,Open-Meteo forecast; MLB fallback,https://forecast.weather.gov/MapClick.php?lat=32.7473&lon=-97.0842,40,0,97,Globe Life Field,,,,,,,,,,,
7,804668,Rafael Flores,PIT,LAD,2026-08-22T23:15:00Z,Scheduled,5,Tarik Skubal,669373,L,63.1,Tier 3,Watch List,"Projected Lineup, Elite Power, Strong Barrel, Platoon Edge, Hot Hitter/Streak",76.6,28.8,56.6,81.9,78.0,91.5,50.0,,No,No,5,Yes,Yes,RotoWire projected lineup; MLB probable pitchers,lineup projected / unconfirmed,H:2026/2025 P:2026/2025,,,Direct BvP not yet weighted; 2026/2025 Statcast baseline active,7,8,22,3,Hot streak: 3 HR in last 7 games,"platoon edge; pitcher baseline 7.5% barrel, 13.8 HR allowed",lift-pull EV profile; pitcher fly-ball pressure modest,17.75,54.73,92.28,102.8564,0.5462,0.2871,0.3841,73.75,37.85,39.49,45.27,4.2,0.3094,7.54,35.38,86.94,0.3433,0.1233,26.32,246 deg,Open-Meteo forecast; MLB fallback,https://forecast.weather.gov/MapClick.php?lat=34.0739&lon=-118.2400,41,0,91,UNIQLO Field at Dodger Stadium,,,,,,,,,,,
8,621566,Matt Olson,ATL,NYM,2026-08-22T18:10:00Z,Pre-Game,3,Logan Henderson,701656,R,63.0,Tier 3,Watch List,"Strong Barrel, Premium Lineup Spot, Platoon Edge, Sheet Consensus",67.6,35.0,59.1,96.6,80.0,36.3,80.6,100.0,Yes,Yes,3,Yes,No,MLB Stats API; RotoWire,,H:2026/2025 P:2026/2025,,,Direct BvP not yet weighted; 2026/2025 Statcast baseline active,7,6,25,1,"Last 7 games: 6/25, 1 HR","platoon edge; pitcher baseline 8.6% barrel, 7.9 HR allowed",EV profile; pitcher fly-ball pressure modest,15.45,50.92,92.81,103.8512,0.5123,0.2636,0.3614,74.6,47.82,37.86,32.85,33.9,0.2582,8.6,36.09,88.38,0.352,0.1393,29.67,Out To CF,Open-Meteo forecast; MLB fallback,https://forecast.weather.gov/MapClick.php?lat=43.0280&lon=-87.9712,87,15,71,American Family Field,,22.7,0.398,96,11,103,37.5,3,3.3,6,Elite LHH power; weather only mild and possible delay
9,694673,Abimelec Ortiz,WSH,MIA,2026-08-22T20:10:00Z,Scheduled,2,Eury Pérez,691587,R,62.9,Tier 3,Watch List,"Projected Lineup, Strong Barrel, Premium Lineup Spot, Platoon Edge",73.4,43.1,50.0,95.5,80.0,19.1,50.0,,No,No,2,Yes,Yes,RotoWire projected lineup; MLB probable pitchers,lineup projected / unconfirmed,H:2026 P:2026/2025,,,Direct BvP not yet weighted; 2026/2025 Statcast baseline active,7,3,24,1,"Last 7 games: 3/24, 1 HR","platoon edge; pitcher baseline 9.1% barrel, 12.7 HR allowed",lift-pull EV profile; pitcher allows elevated contact,15.0,50.0,92.7,101.8334,0.57,0.311,0.36,75.4,60.5,50.0,40.0,5.0,0.315,9.14,41.81,88.96,0.3618,0.1553,30.45,152 deg,Open-Meteo forecast; MLB fallback,https://forecast.weather.gov/MapClick.php?lat=25.7781&lon=-80.2197,76,14,84,loanDepot park,,,,,,,,,,,
10,656941,Kyle Schwarber,PHI,STL,2026-08-22T22:05:00Z,Scheduled,1,,,,62.4,Tier 3,Watch List,"Projected Lineup, Elite Power, Strong Barrel, Premium Lineup Spot",76.4,41.2,53.3,88.7,60.0,42.9,47.5,68.0,No,No,1,Yes,Yes,RotoWire projected lineup; MLB probable pitchers,lineup projected / unconfirmed,H:2026/2025 P:,,,Direct BvP not yet weighted; 2026/2025 Statcast baseline active,7,5,31,2,Hot streak: 2 HR in last 7 games,"handedness incomplete; pitcher baseline 0.0% barrel, 0.0 HR allowed",lift-pull EV profile; pitcher fly-ball pressure modest,18.42,53.79,93.18,104.2997,0.5173,0.2777,0.3751,77.16,75.14,55.05,33.53,42.7,0.2929,,,,,,,98 deg,Open-Meteo forecast; MLB fallback,https://forecast.weather.gov/MapClick.php?lat=39.9061&lon=-75.1665,57,0,77,Citizens Bank Park,,14.1,0.216,94,9,139,25,6,4.88,2,Power volume; less clean pitcher split than Harper
11,808959,Munetaka Murakami,CWS,NYM,2026-08-22T23:10:00Z,Scheduled,2,Christian Scott,681035,R,62.3,Tier 3,Watch List,"Projected Lineup, Elite Power, Strong Barrel, Premium Lineup Spot, Platoon Edge",82.5,26.5,46.5,95.5,80.0,36.7,50.0,,No,No,2,Yes,Yes,RotoWire projected lineup; MLB probable pitchers,lineup projected / unconfirmed,H:2026 P:2026,,,Direct BvP not yet weighted; 2026/2025 Statcast baseline active,7,3,27,2,Hot streak: 2 HR in last 7 games,"platoon edge; pitcher baseline 6.8% barrel, 8.0 HR allowed",lift-pull EV profile; pitcher fly-ball pressure modest,20.4,58.7,94.0,104.6102,0.512,0.292,0.37,74.8,50.9,41.8,38.8,29.0,0.301,6.8,34.7,87.2,0.356,0.127,26.5,171 deg,Open-Meteo forecast; MLB fallback,https://forecast.weather.gov/MapClick.php?lat=41.8300&lon=-87.6338,75,27,73,Rate Field,,,,,,,,,,,
12,687263,Zach Neto,LAA,TEX,2026-08-22T23:05:00Z,Scheduled,1,Cody Bradford,674003,L,60.7,Tier 3,Watch List,"Projected Lineup, Strong Barrel, Premium Lineup Spot, Platoon Edge",47.2,60.9,58.6,88.7,78.0,53.9,50.0,,No,No,1,Yes,Yes,RotoWire projected lineup; MLB probable pitchers,lineup projected / unconfirmed,H:2026/2025 P:2026,,,Direct BvP not yet weighted; 2026/2025 Statcast baseline active,7,10,28,1,Contact streak: 10/28 over last 7 games,"platoon edge; pitcher baseline 10.2% barrel, 1.0 HR allowed",neutral batted-ball profile; pitcher allows elevated contact,12.25,42.4,89.88,100.2163,0.4222,0.2055,0.3125,71.26,13.62,46.57,34.96,22.5,0.1981,10.2,42.0,92.7,0.511,0.213,34.0,90 deg,Open-Meteo forecast; MLB fallback,https://forecast.weather.gov/MapClick.php?lat=32.7473&lon=-97.0842,40,0,97,Globe Life Field,,,,,,,,,,,
13,670541,Yordan Alvarez,HOU,ATH,2026-08-22T23:10:00Z,Scheduled,2,Jacob Lopez,682052,L,60.0,Longshot,Watch List,"Projected Lineup, Elite Power, Strong Barrel, Premium Lineup Spot",81.4,21.9,54.1,95.5,50.0,46.0,50.0,,No,No,2,Yes,Yes,RotoWire projected lineup; MLB probable pitchers,lineup projected / unconfirmed,H:2026/2025 P:2026/2025,,,Direct BvP not yet weighted; 2026/2025 Statcast baseline active,7,7,23,1,"Last 7 games: 7/23, 1 HR","same-side matchup; pitcher baseline 5.7% barrel, 15.0 HR allowed",lift-pull EV profile; pitcher allows elevated contact,16.25,53.46,94.56,104.9616,0.6365,0.321,0.4392,76.1,61.8,41.51,36.24,27.0,0.255,5.69,30.19,85.29,0.3424,0.1338,32.48,163 deg,Open-Meteo forecast; MLB fallback,https://forecast.weather.gov/MapClick.php?lat=29.7573&lon=-95.3555,50,0,94,Daikin Park,,,,,,,,,,,
14,642350,Jose Siri,LAA,TEX,2026-08-22T23:05:00Z,Scheduled,5,Cody Bradford,674003,L,58.8,Longshot,Watch List,"Projected Lineup, Strong Barrel, Platoon Edge",51.2,60.9,58.6,81.9,78.0,9.3,50.0,,No,No,5,Yes,Yes,RotoWire projected lineup; MLB probable pitchers,lineup projected / unconfirmed,H:2026/2025 P:2026,,,Direct BvP not yet weighted; 2026/2025 Statcast baseline active,7,2,11,0,"Last 7 games: 2/11, 0 HR","platoon edge; pitcher baseline 10.2% barrel, 1.0 HR allowed",fly-ball profile; pitcher allows elevated contact,16.08,39.6,87.63,99.9834,0.397,0.2092,0.2855,73.22,35.64,30.57,43.6,4.9,0.1586,10.2,42.0,92.7,0.511,0.213,34.0,90 deg,Open-Meteo forecast; MLB fallback,https://forecast.weather.gov/MapClick.php?lat=32.7473&lon=-97.0842,40,0,97,Globe Life Field,,,,,,,,,,,
15,699013,Esmerlyn Valdez,PIT,LAD,2026-08-22T23:15:00Z,Scheduled,3,Tarik Skubal,669373,L,58.8,Longshot,Watch List,"Projected Lineup, Strong Barrel, Premium Lineup Spot, Platoon Edge",70.0,28.8,56.6,92.1,78.0,18.2,50.0,,No,No,3,Yes,Yes,RotoWire projected lineup; MLB probable pitchers,lineup projected / unconfirmed,H:2026 P:2026/2025,,,Direct BvP not yet weighted; 2026/2025 Statcast baseline active,7,7,29,0,"Last 7 games: 7/29, 0 HR","platoon edge; pitcher baseline 7.5% barrel, 13.8 HR allowed",fly-ball profile; pitcher fly-ball pressure modest,20.5,48.2,91.7,102.6232,0.438,0.239,0.333,74.9,52.0,36.6,42.9,14.0,0.286,7.54,35.38,86.94,0.3433,0.1233,26.32,246 deg,Open-Meteo forecast; MLB fallback,https://forecast.weather.gov/MapClick.php?lat=34.0739&lon=-118.2400,41,0,91,UNIQLO Field at Dodger Stadium,,,,,,,,,,,
16,666160,Mickey Moniak,COL,CLE,2026-08-23T00:10:00Z,Scheduled,3,Tanner Bibee,676440,R,58.6,Longshot,Watch List,"Projected Lineup, Strong Barrel, Good Environment, Premium Lineup Spot, Platoon Edge",48.7,43.8,73.2,92.1,80.0,28.1,50.0,,No,No,3,Yes,Yes,RotoWire projected lineup; MLB probable pitchers,lineup projected / unconfirmed,H:2026/2025 P:2026/2025,,,Direct BvP not yet weighted; 2026/2025 Statcast baseline active,7,5,27,1,"Last 7 games: 5/27, 1 HR","platoon edge; pitcher baseline 8.2% barrel, 25.6 HR allowed",fly-ball profile; pitcher fly-ball pressure modest,11.56,42.92,89.49,100.3022,0.4375,0.2056,0.3055,74.19,43.81,45.89,38.17,21.2,0.2634,8.24,38.49,89.13,0.4116,0.1674,27.62,71 deg,Open-Meteo forecast; MLB fallback,https://forecast.weather.gov/MapClick.php?lat=39.7559&lon=-104.9942,20,19,90,Coors Field,,,,,,,,,,,
17,676475,Alec Burleson,STL,PHI,2026-08-22T22:05:00Z,Scheduled,3,Andrew Painter,691725,R,58.5,Longshot,Watch List,"Projected Lineup, Strong Barrel, Premium Lineup Spot, Platoon Edge",53.7,41.4,53.3,92.1,80.0,53.9,58.7,89.0,No,No,3,Yes,Yes,RotoWire projected lineup; MLB probable pitchers,lineup projected / unconfirmed,H:2026/2025 P:2026,,,Direct BvP not yet weighted; 2026/2025 Statcast baseline active,7,10,28,1,Contact streak: 10/28 over last 7 games,"platoon edge; pitcher baseline 8.4% barrel, 17.0 HR allowed",neutral batted-ball profile; pitcher fly-ball pressure modest,10.83,47.48,91.77,101.9938,0.5179,0.2277,0.3723,73.21,33.58,43.96,27.54,20.1,0.1907,8.4,35.5,87.3,0.445,0.178,27.1,98 deg,Open-Meteo forecast; MLB fallback,https://forecast.weather.gov/MapClick.php?lat=39.9061&lon=-75.1665,57,0,77,Citizens Bank Park,,18.3,0.244,94,8,123,27.3,6,6.35,9,"Strong LHH sheet, Busch heat/wind, Painter LHH split"
18,695506,Jac Caglianone,KC,DET,2026-08-22T23:15:00Z,Scheduled,3,Drew Anderson,623454,R,58.3,Longshot,Watch List,"Projected Lineup, Strong Barrel, Premium Lineup Spot, Platoon Edge",60.1,36.8,45.2,92.1,80.0,62.8,50.0,,No,No,3,Yes,Yes,RotoWire projected lineup; MLB probable pitchers,lineup projected / unconfirmed,H:2026/2025 P:2026,,,Direct BvP not yet weighted; 2026/2025 Statcast baseline active,7,10,24,1,Contact streak: 10/24 over last 7 games,"platoon edge; pitcher baseline 8.3% barrel, 11.0 HR allowed",EV profile; pitcher fly-ball pressure modest,13.75,51.22,92.06,104.8106,0.4905,0.222,0.3504,77.33,74.97,43.02,22.54,17.5,0.1912,8.3,37.7,90.0,0.354,0.137,24.6,204 deg,Open-Meteo forecast; MLB fallback,https://forecast.weather.gov/MapClick.php?lat=39.0517&lon=-94.4803,75,17,79,Kauffman Stadium,,,,,,,,,,,
19,681715,Heriberto Hernandez,MIA,WSH,2026-08-22T20:10:00Z,Scheduled,5,Jake Irvin,663623,R,57.9,Longshot,Watch List,"Projected Lineup, Strong Barrel",52.7,64.4,50.0,81.9,50.0,36.3,50.0,,No,No,5,Yes,Yes,RotoWire projected lineup; MLB probable pitchers,lineup projected / unconfirmed,H:2026/2025 P:2026/2025,,,Direct BvP not yet weighted; 2026/2025 Statcast baseline active,7,6,25,1,"Last 7 games: 6/25, 1 HR","same-side matchup; pitcher baseline 12.2% barrel, 19.8 HR allowed",neutral batted-ball profile; pitcher allows elevated contact,11.91,48.13,91.18,101.6751,0.4553,0.211,0.3389,74.21,45.88,46.82,29.29,15.6,0.2035,12.21,44.79,89.28,0.4742,0.2197,30.07,152 deg,Open-Meteo forecast; MLB fallback,https://forecast.weather.gov/MapClick.php?lat=25.7781&lon=-80.2197,76,14,84,loanDepot park,,,,,,,,,,,
20,691023,Jordan Walker,STL,PHI,2026-08-22T22:05:00Z,Scheduled,4,Andrew Painter,691725,R,57.8,Longshot,Watch List,"Projected Lineup, Strong Barrel, Premium Lineup Spot, Hot Hitter/Streak",56.5,41.4,53.3,90.4,50.0,100.0,32.9,55.0,No,No,4,Yes,Yes,RotoWire projected lineup; MLB probable pitchers,lineup projected / unconfirmed,H:2026/2025 P:2026,,,Direct BvP not yet weighted; 2026/2025 Statcast baseline active,7,14,30,4,Hot streak: 4 HR in last 7 games,"same-side matchup; pitcher baseline 8.4% barrel, 17.0 HR allowed",EV profile; pitcher fly-ball pressure modest,12.86,48.67,92.51,104.6078,0.4519,0.197,0.3333,78.87,82.91,37.89,24.4,20.7,0.1827,8.4,35.5,87.3,0.445,0.178,27.1,98 deg,Open-Meteo forecast; MLB fallback,https://forecast.weather.gov/MapClick.php?lat=39.9061&lon=-75.1665,57,0,77,Citizens Bank Park,,10.9,0.144,91,9,264,0,6,7.62,6,Volume support but ISO modest
